Date;Filière;Valeur (TWh)
1995-01;"Nucléaire";36,909
1995-02;"Nucléaire";30,157
1995-03;"Nucléaire";32,737
1995-04;"Nucléaire";29,125
1995-05;"Nucléaire";26,749
1995-06;"Nucléaire";25,495
1995-07;"Nucléaire";26,685
1995-08;"Nucléaire";27,486
1995-09;"Nucléaire";26,508
1995-10;"Nucléaire";29,582
1995-11;"Nucléaire";32,815
1995-12;"Nucléaire";34,531
1996-01;"Nucléaire";36,782
1996-02;"Nucléaire";34,024
1996-03;"Nucléaire";34,341
1996-04;"Nucléaire";31,693
1996-05;"Nucléaire";28,81
1996-06;"Nucléaire";26,22
1996-07;"Nucléaire";28,556
1996-08;"Nucléaire";28,291
1996-09;"Nucléaire";29,29
1996-10;"Nucléaire";32,395
1996-11;"Nucléaire";33,218
1996-12;"Nucléaire";34,605
1997-01;"Nucléaire";35,313
1997-02;"Nucléaire";31,136
1997-03;"Nucléaire";32,66
1997-04;"Nucléaire";33,205
1997-05;"Nucléaire";29,722
1997-06;"Nucléaire";27,728
1997-07;"Nucléaire";28,69
1997-08;"Nucléaire";27,994
1997-09;"Nucléaire";28,908
1997-10;"Nucléaire";32,644
1997-11;"Nucléaire";33,259
1997-12;"Nucléaire";34,676
1998-01;"Nucléaire";36,954
1998-02;"Nucléaire";33,565
1998-03;"Nucléaire";34,315
1998-04;"Nucléaire";29,984
1998-05;"Nucléaire";28,369
1998-06;"Nucléaire";27,214
1998-07;"Nucléaire";27,803
1998-08;"Nucléaire";24,47
1998-09;"Nucléaire";27,45
1998-10;"Nucléaire";31,551
1998-11;"Nucléaire";32,598
1998-12;"Nucléaire";34,227
1999-01;"Nucléaire";36,266
1999-02;"Nucléaire";32,072
1999-03;"Nucléaire";32,785
1999-04;"Nucléaire";31,826
1999-05;"Nucléaire";26,807
1999-06;"Nucléaire";27,098
1999-07;"Nucléaire";29,901
1999-08;"Nucléaire";28,715
1999-09;"Nucléaire";29,687
1999-10;"Nucléaire";32,075
1999-11;"Nucléaire";32,92
1999-12;"Nucléaire";34,762
2000-01;"Nucléaire";36,298
2000-02;"Nucléaire";33,699
2000-03;"Nucléaire";35,869
2000-04;"Nucléaire";32,216
2000-05;"Nucléaire";30,667
2000-06;"Nucléaire";29,45
2000-07;"Nucléaire";31,112
2000-08;"Nucléaire";30,301
2000-09;"Nucléaire";31,039
2000-10;"Nucléaire";33,379
2000-11;"Nucléaire";34,639
2000-12;"Nucléaire";36,531
2001-01;"Nucléaire";38,723
2001-02;"Nucléaire";33,166
2001-03;"Nucléaire";33,605
2001-04;"Nucléaire";31,417
2001-05;"Nucléaire";28,757
2001-06;"Nucléaire";28,39
2001-07;"Nucléaire";31,032
2001-08;"Nucléaire";30,607
2001-09;"Nucléaire";32,756
2001-10;"Nucléaire";35,628
2001-11;"Nucléaire";37,051
2001-12;"Nucléaire";38,453
2002-01;"Nucléaire";40,003
2002-02;"Nucléaire";34,316
2002-03;"Nucléaire";35,481
2002-04;"Nucléaire";35,513
2002-05;"Nucléaire";33,522
2002-06;"Nucléaire";31,07
2002-07;"Nucléaire";32,89
2002-08;"Nucléaire";30,347
2002-09;"Nucléaire";32,104
2002-10;"Nucléaire";35,087
2002-11;"Nucléaire";36,195
2002-12;"Nucléaire";38,987
2003-01;"Nucléaire";40,335
2003-02;"Nucléaire";36,454
2003-03;"Nucléaire";35,837
2003-04;"Nucléaire";34,449
2003-05;"Nucléaire";32,444
2003-06;"Nucléaire";30,969
2003-07;"Nucléaire";33,132
2003-08;"Nucléaire";29,972
2003-09;"Nucléaire";31,437
2003-10;"Nucléaire";35,451
2003-11;"Nucléaire";37,666
2003-12;"Nucléaire";41,668
2004-01;"Nucléaire";41,764
2004-02;"Nucléaire";36,195
2004-03;"Nucléaire";36,113
2004-04;"Nucléaire";33,943
2004-05;"Nucléaire";32,039
2004-06;"Nucléaire";30,499
2004-07;"Nucléaire";32,408
2004-08;"Nucléaire";30,449
2004-09;"Nucléaire";33,064
2004-10;"Nucléaire";37,584
2004-11;"Nucléaire";39,283
2004-12;"Nucléaire";43,542
2005-01;"Nucléaire";42,475
2005-02;"Nucléaire";36,432
2005-03;"Nucléaire";36,777
2005-04;"Nucléaire";33,286
2005-05;"Nucléaire";33,345
2005-06;"Nucléaire";32,849
2005-07;"Nucléaire";32,109
2005-08;"Nucléaire";33,132
2005-09;"Nucléaire";33,41
2005-10;"Nucléaire";35,715
2005-11;"Nucléaire";38,395
2005-12;"Nucléaire";42,053
2006-01;"Nucléaire";42,768
2006-02;"Nucléaire";35,118
2006-03;"Nucléaire";35,324
2006-04;"Nucléaire";35,88
2006-05;"Nucléaire";33,949
2006-06;"Nucléaire";32,834
2006-07;"Nucléaire";32,9
2006-08;"Nucléaire";32,698
2006-09;"Nucléaire";33,831
2006-10;"Nucléaire";35,706
2006-11;"Nucléaire";37,249
2006-12;"Nucléaire";40,408
2007-01;"Nucléaire";40,872
2007-02;"Nucléaire";36,169
2007-03;"Nucléaire";36,738
2007-04;"Nucléaire";31,721
2007-05;"Nucléaire";31,803
2007-06;"Nucléaire";30,865
2007-07;"Nucléaire";31,819
2007-08;"Nucléaire";32,611
2007-09;"Nucléaire";33,301
2007-10;"Nucléaire";36,896
2007-11;"Nucléaire";35,806
2007-12;"Nucléaire";40,008
2008-01;"Nucléaire";40,922
2008-02;"Nucléaire";38,9
2008-03;"Nucléaire";37,203
2008-04;"Nucléaire";34,294
2008-05;"Nucléaire";31,972
2008-06;"Nucléaire";28,517
2008-07;"Nucléaire";31,835
2008-08;"Nucléaire";32,025
2008-09;"Nucléaire";31,239
2008-10;"Nucléaire";33,949
2008-11;"Nucléaire";36,113
2008-12;"Nucléaire";41,309
2009-01;"Nucléaire";43,093
2009-02;"Nucléaire";37,051
2009-03;"Nucléaire";35,932
2009-04;"Nucléaire";30,862
2009-05;"Nucléaire";29,883
2009-06;"Nucléaire";27,129
2009-07;"Nucléaire";28,9
2009-08;"Nucléaire";28,228
2009-09;"Nucléaire";28,68
2009-10;"Nucléaire";30,932
2009-11;"Nucléaire";31,461
2009-12;"Nucléaire";37,847
2010-01;"Nucléaire";40,313
2010-02;"Nucléaire";36,316
2010-03;"Nucléaire";35,984
2010-04;"Nucléaire";31,294
2010-05;"Nucléaire";29,372
2010-06;"Nucléaire";29,575
2010-07;"Nucléaire";31,744
2010-08;"Nucléaire";32,391
2010-09;"Nucléaire";31,657
2010-10;"Nucléaire";31,885
2010-11;"Nucléaire";35,455
2010-12;"Nucléaire";41,889
2011-01;"Nucléaire";43,853
2011-02;"Nucléaire";38,328
2011-03;"Nucléaire";37,688
2011-04;"Nucléaire";32,85
2011-05;"Nucléaire";33,07
2011-06;"Nucléaire";32,589
2011-07;"Nucléaire";33,487
2011-08;"Nucléaire";31,383
2011-09;"Nucléaire";31,477
2011-10;"Nucléaire";32,824
2011-11;"Nucléaire";33,705
2011-12;"Nucléaire";39,864
2012-01;"Nucléaire";42,811
2012-02;"Nucléaire";38,661
2012-03;"Nucléaire";37,549
2012-04;"Nucléaire";33,1
2012-05;"Nucléaire";29,058
2012-06;"Nucléaire";26,562
2012-07;"Nucléaire";28,818
2012-08;"Nucléaire";28,314
2012-09;"Nucléaire";30,13
2012-10;"Nucléaire";32,848
2012-11;"Nucléaire";37,119
2012-12;"Nucléaire";39,912
2013-01;"Nucléaire";42,406
2013-02;"Nucléaire";36,754
2013-03;"Nucléaire";36,786
2013-04;"Nucléaire";31,498
2013-05;"Nucléaire";31,172
2013-06;"Nucléaire";28,62
2013-07;"Nucléaire";30,695
2013-08;"Nucléaire";29,908
2013-09;"Nucléaire";29,759
2013-10;"Nucléaire";31,105
2013-11;"Nucléaire";34,631
2013-12;"Nucléaire";40,423
2014-01;"Nucléaire";42,697272529
2014-02;"Nucléaire";36,396235447
2014-03;"Nucléaire";35,796054646
2014-04;"Nucléaire";31,206547209
2014-05;"Nucléaire";31,710544312
2014-06;"Nucléaire";30,991109222
2014-07;"Nucléaire";33,390878366
2014-08;"Nucléaire";30,98214339
2014-09;"Nucléaire";31,938587067
2014-10;"Nucléaire";32,797760455
2014-11;"Nucléaire";36,286603252
2014-12;"Nucléaire";41,63302429
2015-01;"Nucléaire";43,791488657
2015-02;"Nucléaire";37,482320665
2015-03;"Nucléaire";36,914547292
2015-04;"Nucléaire";31,186698518
2015-05;"Nucléaire";30,328966017
2015-06;"Nucléaire";30,717391599
2015-07;"Nucléaire";33,268760518
2015-08;"Nucléaire";31,992992083
2015-09;"Nucléaire";30,632457517
2015-10;"Nucléaire";34,485949151
2015-11;"Nucléaire";35,678647455
2015-12;"Nucléaire";40,291619544
2016-01;"Nucléaire";41,588497132
2016-02;"Nucléaire";37,323009399
2016-03;"Nucléaire";37,177149961
2016-04;"Nucléaire";31,057041779
2016-05;"Nucléaire";29,4393355
2016-06;"Nucléaire";28,639486961
2016-07;"Nucléaire";28,342361051
2016-08;"Nucléaire";27,113130645
2016-09;"Nucléaire";26,478460131
2016-10;"Nucléaire";29,019544167
2016-11;"Nucléaire";31,148968325
2016-12;"Nucléaire";36,648669139
2017-01;"Nucléaire";40,491546166
2017-02;"Nucléaire";33,689348334999
2017-03;"Nucléaire";34,272584850666
2017-04;"Nucléaire";31,752167625837
2017-05;"Nucléaire";30,136479561499
2017-06;"Nucléaire";26,881570486334
2017-07;"Nucléaire";28,158949645667
2017-08;"Nucléaire";28,585312195166
2017-09;"Nucléaire";29,345826153166
2017-10;"Nucléaire";28,053906033667
2017-11;"Nucléaire";30,334659938
2017-12;"Nucléaire";37,382680162833
2018-01;"Nucléaire";40,792988058833
2018-02;"Nucléaire";36,409552792667
2018-03;"Nucléaire";35,678215545834
2018-04;"Nucléaire";30,592859141335
2018-05;"Nucléaire";30,581938592498
2018-06;"Nucléaire";28,624022987498
2018-07;"Nucléaire";29,958812298334
2018-08;"Nucléaire";27,294682993332
2018-09;"Nucléaire";30,098993516999
2018-10;"Nucléaire";31,613910842001
2018-11;"Nucléaire";32,658276814666
2018-12;"Nucléaire";38,890266088834
2019-01;"Nucléaire";40,1579559295
2019-02;"Nucléaire";36,089868412333
2019-03;"Nucléaire";35,497659048666
2019-04;"Nucléaire";31,756632941
2019-05;"Nucléaire";31,668783223
2019-06;"Nucléaire";28,560142914
2019-07;"Nucléaire";29,194282207668
2019-08;"Nucléaire";27,721121027501
2019-09;"Nucléaire";27,533421488165
2019-10;"Nucléaire";29,162874817168
2019-11;"Nucléaire";29,133620009667
2019-12;"Nucléaire";32,985749517333
2020-01;"Nucléaire";37,352402388167
2020-02;"Nucléaire";33,17853462
2020-03;"Nucléaire";30,624812359334
2020-04;"Nucléaire";26,823503686834
2020-05;"Nucléaire";24,714613244334
2020-06;"Nucléaire";21,334927723333
2020-07;"Nucléaire";22,499430358665
2020-08;"Nucléaire";22,876502344
2020-09;"Nucléaire";21,739624139499
2020-10;"Nucléaire";28,271624456833
2020-11;"Nucléaire";31,565610909822
2020-12;"Nucléaire";34,432370353229
2021-01;"Nucléaire";37,175143322502
2021-02;"Nucléaire";30,337148442
2021-03;"Nucléaire";31,694793344001
2021-04;"Nucléaire";27,208831893003
2021-05;"Nucléaire";27,573972981998
2021-06;"Nucléaire";27,714204401833
2021-07;"Nucléaire";28,449016341997
2021-08;"Nucléaire";29,010562501168
2021-09;"Nucléaire";29,001127703837
2021-10;"Nucléaire";30,657033306334
2021-11;"Nucléaire";30,370324262001
2021-12;"Nucléaire";31,50228564517
2022-01;"Nucléaire";35,219864213334
2022-02;"Nucléaire";29,577611468335
2022-03;"Nucléaire";26,851697452831
2022-04;"Nucléaire";21,765642987836
2022-05;"Nucléaire";20,529498721993
2022-06;"Nucléaire";20,17482027178
2022-07;"Nucléaire";18,780955418368
2022-08;"Nucléaire";18,133046551453
2022-09;"Nucléaire";18,190495550696
2022-10;"Nucléaire";20,224827015238
2022-11;"Nucléaire";21,597263652954
2022-12;"Nucléaire";27,912368646209
2023-01;"Nucléaire";30,770802043993
2023-02;"Nucléaire";28,786862810671
2023-03;"Nucléaire";25,637451082995
2023-04;"Nucléaire";24,990759670505
2023-05;"Nucléaire";25,177700359665
2023-06;"Nucléaire";22,724848177331
2023-07;"Nucléaire";24,064828688656
2023-08;"Nucléaire";23,945608370675
1995-01;"Hydraulique";7,716
1995-02;"Hydraulique";7,403
1995-03;"Hydraulique";8,33
1995-04;"Hydraulique";6,564
1995-05;"Hydraulique";7,624
1995-06;"Hydraulique";7,101
1995-07;"Hydraulique";6,325
1995-08;"Hydraulique";4,538
1995-09;"Hydraulique";5,324
1995-10;"Hydraulique";4,69
1995-11;"Hydraulique";4,484
1995-12;"Hydraulique";5,691
1996-01;"Hydraulique";7,083
1996-02;"Hydraulique";6,652
1996-03;"Hydraulique";5,788
1996-04;"Hydraulique";4,849
1996-05;"Hydraulique";6,481
1996-06;"Hydraulique";6,173
1996-07;"Hydraulique";5,423
1996-08;"Hydraulique";4,398
1996-09;"Hydraulique";4,16
1996-10;"Hydraulique";4,534
1996-11;"Hydraulique";6,017
1996-12;"Hydraulique";8,375
1997-01;"Hydraulique";7,622
1997-02;"Hydraulique";5,982
1997-03;"Hydraulique";5,32
1997-04;"Hydraulique";4,461
1997-05;"Hydraulique";5,75
1997-06;"Hydraulique";5,946
1997-07;"Hydraulique";6,626
1997-08;"Hydraulique";5,045
1997-09;"Hydraulique";4,564
1997-10;"Hydraulique";4,48
1997-11;"Hydraulique";4,919
1997-12;"Hydraulique";6,512
1998-01;"Hydraulique";6,864
1998-02;"Hydraulique";5,133
1998-03;"Hydraulique";5,152
1998-04;"Hydraulique";6,204
1998-05;"Hydraulique";6,425
1998-06;"Hydraulique";6,259
1998-07;"Hydraulique";4,333
1998-08;"Hydraulique";3,404
1998-09;"Hydraulique";4,024
1998-10;"Hydraulique";6,085
1998-11;"Hydraulique";6,365
1998-12;"Hydraulique";5,547
1999-01;"Hydraulique";5,242
1999-02;"Hydraulique";6,281
1999-03;"Hydraulique";6,894
1999-04;"Hydraulique";6,589
1999-05;"Hydraulique";8,47
1999-06;"Hydraulique";7,103
1999-07;"Hydraulique";5,762
1999-08;"Hydraulique";4,966
1999-09;"Hydraulique";4,985
1999-10;"Hydraulique";6,307
1999-11;"Hydraulique";6,719
1999-12;"Hydraulique";7,376
2000-01;"Hydraulique";5,738
2000-02;"Hydraulique";5,61
2000-03;"Hydraulique";6,087
2000-04;"Hydraulique";6,201
2000-05;"Hydraulique";7,575
2000-06;"Hydraulique";6,252
2000-07;"Hydraulique";5,072
2000-08;"Hydraulique";4,702
2000-09;"Hydraulique";4,584
2000-10;"Hydraulique";5,593
2000-11;"Hydraulique";7,352
2000-12;"Hydraulique";6,827
2001-01;"Hydraulique";7,678
2001-02;"Hydraulique";6,641
2001-03;"Hydraulique";8,341
2001-04;"Hydraulique";8,642
2001-05;"Hydraulique";8,687
2001-06;"Hydraulique";7,086
2001-07;"Hydraulique";6,585
2001-08;"Hydraulique";4,884
2001-09;"Hydraulique";4,53
2001-10;"Hydraulique";4,93
2001-11;"Hydraulique";4,506
2001-12;"Hydraulique";4,8
2002-01;"Hydraulique";4,423
2002-02;"Hydraulique";4,222
2002-03;"Hydraulique";5,739
2002-04;"Hydraulique";4,293
2002-05;"Hydraulique";6,069
2002-06;"Hydraulique";6,23
2002-07;"Hydraulique";4,82
2002-08;"Hydraulique";4,775
2002-09;"Hydraulique";4,765
2002-10;"Hydraulique";5,624
2002-11;"Hydraulique";6,799
2002-12;"Hydraulique";7,694
2003-01;"Hydraulique";8,451
2003-02;"Hydraulique";7,303
2003-03;"Hydraulique";6,424
2003-04;"Hydraulique";5,001
2003-05;"Hydraulique";5,743
2003-06;"Hydraulique";5,384
2003-07;"Hydraulique";3,957
2003-08;"Hydraulique";3,699
2003-09;"Hydraulique";3,429
2003-10;"Hydraulique";4,832
2003-11;"Hydraulique";4,539
2003-12;"Hydraulique";5,565
2004-01;"Hydraulique";7,034
2004-02;"Hydraulique";6,317
2004-03;"Hydraulique";6,625
2004-04;"Hydraulique";5,546
2004-05;"Hydraulique";6,548
2004-06;"Hydraulique";6,087
2004-07;"Hydraulique";4,838
2004-08;"Hydraulique";4,273
2004-09;"Hydraulique";3,858
2004-10;"Hydraulique";4,171
2004-11;"Hydraulique";4,341
2004-12;"Hydraulique";4,733
2005-01;"Hydraulique";5,022
2005-02;"Hydraulique";5,366
2005-03;"Hydraulique";5,078
2005-04;"Hydraulique";6,012
2005-05;"Hydraulique";6,212
2005-06;"Hydraulique";4,956
2005-07;"Hydraulique";4,111
2005-08;"Hydraulique";3,633
2005-09;"Hydraulique";3,861
2005-10;"Hydraulique";3,752
2005-11;"Hydraulique";3,863
2005-12;"Hydraulique";4,313
2006-01;"Hydraulique";4,21
2006-02;"Hydraulique";4,574
2006-03;"Hydraulique";6,548
2006-04;"Hydraulique";6,968
2006-05;"Hydraulique";6,719
2006-06;"Hydraulique";5,092
2006-07;"Hydraulique";4,386
2006-08;"Hydraulique";3,954
2006-09;"Hydraulique";4,298
2006-10;"Hydraulique";4,994
2006-11;"Hydraulique";4,084
2006-12;"Hydraulique";5,16
2007-01;"Hydraulique";5,366
2007-02;"Hydraulique";5,535
2007-03;"Hydraulique";6,759
2007-04;"Hydraulique";5,331
2007-05;"Hydraulique";6,046
2007-06;"Hydraulique";7,209
2007-07;"Hydraulique";6,147
2007-08;"Hydraulique";5,077
2007-09;"Hydraulique";3,968
2007-10;"Hydraulique";3,898
2007-11;"Hydraulique";3,351
2007-12;"Hydraulique";4,591
2008-01;"Hydraulique";6,038
2008-02;"Hydraulique";4,419
2008-03;"Hydraulique";5,528
2008-04;"Hydraulique";6,986
2008-05;"Hydraulique";7,168
2008-06;"Hydraulique";8,313
2008-07;"Hydraulique";5,981
2008-08;"Hydraulique";4,248
2008-09;"Hydraulique";4,832
2008-10;"Hydraulique";3,749
2008-11;"Hydraulique";5,101
2008-12;"Hydraulique";5,633
2009-01;"Hydraulique";6,08
2009-02;"Hydraulique";5,79
2009-03;"Hydraulique";6,208
2009-04;"Hydraulique";6,593
2009-05;"Hydraulique";7,057
2009-06;"Hydraulique";6,312
2009-07;"Hydraulique";4,872
2009-08;"Hydraulique";3,867
2009-09;"Hydraulique";2,977
2009-10;"Hydraulique";3,069
2009-11;"Hydraulique";3,79
2009-12;"Hydraulique";5,269
2010-01;"Hydraulique";6,307
2010-02;"Hydraulique";5,887
2010-03;"Hydraulique";6,204
2010-04;"Hydraulique";5,684
2010-05;"Hydraulique";6,428
2010-06;"Hydraulique";7,263
2010-07;"Hydraulique";5,41
2010-08;"Hydraulique";4,348
2010-09;"Hydraulique";3,594
2010-10;"Hydraulique";4,023
2010-11;"Hydraulique";5,466
2010-12;"Hydraulique";6,985
2011-01;"Hydraulique";5,981
2011-02;"Hydraulique";4,112
2011-03;"Hydraulique";4,431
2011-04;"Hydraulique";3,998
2011-05;"Hydraulique";3,373
2011-06;"Hydraulique";4,269
2011-07;"Hydraulique";4,174
2011-08;"Hydraulique";3,871
2011-09;"Hydraulique";3,218
2011-10;"Hydraulique";3,256
2011-11;"Hydraulique";3,937
2011-12;"Hydraulique";5,646
2012-01;"Hydraulique";6,741
2012-02;"Hydraulique";5,244
2012-03;"Hydraulique";3,894
2012-04;"Hydraulique";5,302
2012-05;"Hydraulique";7,706
2012-06;"Hydraulique";6,823
2012-07;"Hydraulique";4,901
2012-08;"Hydraulique";3,563
2012-09;"Hydraulique";3,641
2012-10;"Hydraulique";4,534
2012-11;"Hydraulique";4,914
2012-12;"Hydraulique";6,521
2013-01;"Hydraulique";6,906
2013-02;"Hydraulique";6,858
2013-03;"Hydraulique";6,488
2013-04;"Hydraulique";7,242
2013-05;"Hydraulique";8,607
2013-06;"Hydraulique";7,375
2013-07;"Hydraulique";6,407
2013-08;"Hydraulique";4,551
2013-09;"Hydraulique";4,126
2013-10;"Hydraulique";4,855
2013-11;"Hydraulique";6,365
2013-12;"Hydraulique";5,688
2014-01;"Hydraulique";7,033056479146
2014-02;"Hydraulique";7,06311880771
2014-03;"Hydraulique";6,982543734789
2014-04;"Hydraulique";5,782959452882
2014-05;"Hydraulique";6,131677445696
2014-06;"Hydraulique";4,959621957565
2014-07;"Hydraulique";6,130683589094
2014-08;"Hydraulique";5,273732648717
2014-09;"Hydraulique";3,733872062365
2014-10;"Hydraulique";3,758035085028
2014-11;"Hydraulique";4,851624279748
2014-12;"Hydraulique";5,727152675176
2015-01;"Hydraulique";6,202097923919
2015-02;"Hydraulique";6,375646791998
2015-03;"Hydraulique";6,478218895061
2015-04;"Hydraulique";5,724069188904
2015-05;"Hydraulique";6,444629559027
2015-06;"Hydraulique";5,585395739617
2015-07;"Hydraulique";4,005858398379
2015-08;"Hydraulique";3,408861015177
2015-09;"Hydraulique";3,419883357891
2015-10;"Hydraulique";3,870254231886
2015-11;"Hydraulique";3,548061053336
2015-12;"Hydraulique";3,654930768312
2016-01;"Hydraulique";5,676523583452
2016-02;"Hydraulique";6,937956456087
2016-03;"Hydraulique";6,596234564007
2016-04;"Hydraulique";6,457499054838
2016-05;"Hydraulique";6,530572828744
2016-06;"Hydraulique";7,154742117324
2016-07;"Hydraulique";5,275980650044
2016-08;"Hydraulique";3,855374815579
2016-09;"Hydraulique";3,364638025852
2016-10;"Hydraulique";3,055904131137
2016-11;"Hydraulique";4,238722604971
2016-12;"Hydraulique";4,469527440164
2017-01;"Hydraulique";5,186929113011
2017-02;"Hydraulique";4,52988841877
2017-03;"Hydraulique";6,225931893369
2017-04;"Hydraulique";4,138302495369
2017-05;"Hydraulique";5,676168853438
2017-06;"Hydraulique";5,050315872667
2017-07;"Hydraulique";3,858855355908
2017-08;"Hydraulique";3,47066084788
2017-09;"Hydraulique";3,071409988032
2017-10;"Hydraulique";2,715471238863
2017-11;"Hydraulique";3,912978111074
2017-12;"Hydraulique";5,299554407632
2018-01;"Hydraulique";7,282431503956
2018-02;"Hydraulique";7,145589094526
2018-03;"Hydraulique";7,087629514116
2018-04;"Hydraulique";6,922052295791
2018-05;"Hydraulique";7,665408970607
2018-06;"Hydraulique";7,528526742286
2018-07;"Hydraulique";5,248379312724
2018-08;"Hydraulique";3,87246490776
2018-09;"Hydraulique";3,016943413047
2018-10;"Hydraulique";2,912347494938
2018-11;"Hydraulique";3,950472275033
2018-12;"Hydraulique";5,144562777214
2019-01;"Hydraulique";4,958879487828
2019-02;"Hydraulique";5,025185994357
2019-03;"Hydraulique";5,140844988245
2019-04;"Hydraulique";4,478231559052
2019-05;"Hydraulique";5,524137922427
2019-06;"Hydraulique";5,73464037757
2019-07;"Hydraulique";4,368306607823
2019-08;"Hydraulique";3,733547785064
2019-09;"Hydraulique";2,560488703257
2019-10;"Hydraulique";3,767750815202
2019-11;"Hydraulique";6,441524377028
2019-12;"Hydraulique";7,818221716667
2020-01;"Hydraulique";6,295401358992
2020-02;"Hydraulique";6,269002898182
2020-03;"Hydraulique";7,317252015032
2020-04;"Hydraulique";5,057378054617
2020-05;"Hydraulique";6,65891422821
2020-06;"Hydraulique";6,33877071448
2020-07;"Hydraulique";4,584641799662
2020-08;"Hydraulique";3,672642915975
2020-09;"Hydraulique";3,345414205367
2020-10;"Hydraulique";5,137996477626
2020-11;"Hydraulique";4,497631774417
2020-12;"Hydraulique";5,74008212059
2021-01;"Hydraulique";7,272039611668
2021-02;"Hydraulique";6,849274181842
2021-03;"Hydraulique";5,883434157008
2021-04;"Hydraulique";3,977240410786
2021-05;"Hydraulique";6,221639873175
2021-06;"Hydraulique";6,18606331689
2021-07;"Hydraulique";5,575264133484
2021-08;"Hydraulique";4,382924002105
2021-09;"Hydraulique";3,394356568596
2021-10;"Hydraulique";2,999632614693
2021-11;"Hydraulique";3,974741509591
2021-12;"Hydraulique";5,292541977755
2022-01;"Hydraulique";5,876809698804
2022-02;"Hydraulique";4,376125748089
2022-03;"Hydraulique";4,558169152662
2022-04;"Hydraulique";5,061649976542
2022-05;"Hydraulique";5,025907988782
2022-06;"Hydraulique";4,010585705644
2022-07;"Hydraulique";3,466316329047
2022-08;"Hydraulique";2,691233036381
2022-09;"Hydraulique";2,444723628844
2022-10;"Hydraulique";3,039038305642
2022-11;"Hydraulique";3,892409104813
2022-12;"Hydraulique";5,191590156928
2023-01;"Hydraulique";6,372244659131
2023-02;"Hydraulique";3,589792135392
2023-03;"Hydraulique";4,629950214765
2023-04;"Hydraulique";4,587997455711
2023-05;"Hydraulique";5,399847226733
2023-06;"Hydraulique";5,777923813172
2023-07;"Hydraulique";3,998096650257
2023-08;"Hydraulique";3,588802705477
1995-01;"Thermique fossile";3,697
1995-02;"Thermique fossile";1,931
1995-03;"Thermique fossile";3,339
1995-04;"Thermique fossile";2,711
1995-05;"Thermique fossile";2,152
1995-06;"Thermique fossile";2,675
1995-07;"Thermique fossile";2,972
1995-08;"Thermique fossile";2,181
1995-09;"Thermique fossile";3,622
1995-10;"Thermique fossile";3,081
1995-11;"Thermique fossile";4,51
1995-12;"Thermique fossile";3,931
1996-01;"Thermique fossile";3,889
1996-02;"Thermique fossile";5,196
1996-03;"Thermique fossile";4,465
1996-04;"Thermique fossile";3,036
1996-05;"Thermique fossile";2,443
1996-06;"Thermique fossile";2,818
1996-07;"Thermique fossile";2,685
1996-08;"Thermique fossile";1,105
1996-09;"Thermique fossile";2,798
1996-10;"Thermique fossile";3,908
1996-11;"Thermique fossile";4,327
1996-12;"Thermique fossile";5,011
1997-01;"Thermique fossile";6,65
1997-02;"Thermique fossile";4,244
1997-03;"Thermique fossile";2,296
1997-04;"Thermique fossile";2,173
1997-05;"Thermique fossile";1,47
1997-06;"Thermique fossile";1,933
1997-07;"Thermique fossile";1,51
1997-08;"Thermique fossile";1,586
1997-09;"Thermique fossile";2,492
1997-10;"Thermique fossile";3,999
1997-11;"Thermique fossile";4,311
1997-12;"Thermique fossile";5,117
1998-01;"Thermique fossile";4,842
1998-02;"Thermique fossile";4,421
1998-03;"Thermique fossile";5,349
1998-04;"Thermique fossile";5,34
1998-05;"Thermique fossile";3,011
1998-06;"Thermique fossile";2,955
1998-07;"Thermique fossile";3,845
1998-08;"Thermique fossile";2,868
1998-09;"Thermique fossile";3,128
1998-10;"Thermique fossile";3,36
1998-11;"Thermique fossile";5,7
1998-12;"Thermique fossile";7,841
1999-01;"Thermique fossile";5,953
1999-02;"Thermique fossile";6,197
1999-03;"Thermique fossile";4,792
1999-04;"Thermique fossile";3,035
1999-05;"Thermique fossile";1,965
1999-06;"Thermique fossile";2,324
1999-07;"Thermique fossile";2,594
1999-08;"Thermique fossile";1,95
1999-09;"Thermique fossile";3,051
1999-10;"Thermique fossile";3,606
1999-11;"Thermique fossile";6,015
1999-12;"Thermique fossile";7,216
2000-01;"Thermique fossile";8,09
2000-02;"Thermique fossile";6,571
2000-03;"Thermique fossile";4,908
2000-04;"Thermique fossile";4,381
2000-05;"Thermique fossile";1,606
2000-06;"Thermique fossile";2,351
2000-07;"Thermique fossile";2,561
2000-08;"Thermique fossile";2,092
2000-09;"Thermique fossile";2,782
2000-10;"Thermique fossile";3,859
2000-11;"Thermique fossile";5,291
2000-12;"Thermique fossile";5,387
2001-01;"Thermique fossile";4,891
2001-02;"Thermique fossile";4,678
2001-03;"Thermique fossile";4,489
2001-04;"Thermique fossile";2,595
2001-05;"Thermique fossile";2,198
2001-06;"Thermique fossile";2,28
2001-07;"Thermique fossile";1,781
2001-08;"Thermique fossile";1,369
2001-09;"Thermique fossile";1,827
2001-10;"Thermique fossile";2,802
2001-11;"Thermique fossile";7,119
2001-12;"Thermique fossile";8,761
2002-01;"Thermique fossile";8,19
2002-02;"Thermique fossile";6,635
2002-03;"Thermique fossile";6,022
2002-04;"Thermique fossile";3,848
2002-05;"Thermique fossile";2,671
2002-06;"Thermique fossile";2,294
2002-07;"Thermique fossile";2,409
2002-08;"Thermique fossile";1,692
2002-09;"Thermique fossile";2,905
2002-10;"Thermique fossile";3,862
2002-11;"Thermique fossile";5,05
2002-12;"Thermique fossile";6,003
2003-01;"Thermique fossile";7,197
2003-02;"Thermique fossile";6,832
2003-03;"Thermique fossile";5,839
2003-04;"Thermique fossile";3,916
2003-05;"Thermique fossile";2,437
2003-06;"Thermique fossile";2,509
2003-07;"Thermique fossile";2,945
2003-08;"Thermique fossile";2,924
2003-09;"Thermique fossile";3,371
2003-10;"Thermique fossile";4,441
2003-11;"Thermique fossile";6,153
2003-12;"Thermique fossile";6,301
2004-01;"Thermique fossile";6,332
2004-02;"Thermique fossile";6,197
2004-03;"Thermique fossile";7,036
2004-04;"Thermique fossile";4,087
2004-05;"Thermique fossile";2,885
2004-06;"Thermique fossile";2,913
2004-07;"Thermique fossile";2,439
2004-08;"Thermique fossile";2,631
2004-09;"Thermique fossile";2,99
2004-10;"Thermique fossile";3,343
2004-11;"Thermique fossile";5,986
2004-12;"Thermique fossile";6,755
2005-01;"Thermique fossile";6,748
2005-02;"Thermique fossile";7,51
2005-03;"Thermique fossile";7,584
2005-04;"Thermique fossile";4,064
2005-05;"Thermique fossile";2,692
2005-06;"Thermique fossile";2,906
2005-07;"Thermique fossile";3,312
2005-08;"Thermique fossile";2,005
2005-09;"Thermique fossile";3,124
2005-10;"Thermique fossile";3,712
2005-11;"Thermique fossile";7,271
2005-12;"Thermique fossile";8,722
2006-01;"Thermique fossile";8,577
2006-02;"Thermique fossile";8,067
2006-03;"Thermique fossile";7,793
2006-04;"Thermique fossile";1,987
2006-05;"Thermique fossile";1,517
2006-06;"Thermique fossile";2,181
2006-07;"Thermique fossile";2,822
2006-08;"Thermique fossile";1,884
2006-09;"Thermique fossile";2,728
2006-10;"Thermique fossile";3,078
2006-11;"Thermique fossile";6,334
2006-12;"Thermique fossile";6,88
2007-01;"Thermique fossile";6,524
2007-02;"Thermique fossile";5,87
2007-03;"Thermique fossile";6,34
2007-04;"Thermique fossile";3,589
2007-05;"Thermique fossile";2,835
2007-06;"Thermique fossile";2,49
2007-07;"Thermique fossile";2,589
2007-08;"Thermique fossile";2,092
2007-09;"Thermique fossile";2,942
2007-10;"Thermique fossile";4,239
2007-11;"Thermique fossile";7,57
2007-12;"Thermique fossile";8,019
2008-01;"Thermique fossile";7,007
2008-02;"Thermique fossile";6,151
2008-03;"Thermique fossile";6,408
2008-04;"Thermique fossile";3,904
2008-05;"Thermique fossile";1,954
2008-06;"Thermique fossile";2,877
2008-07;"Thermique fossile";2,525
2008-08;"Thermique fossile";1,729
2008-09;"Thermique fossile";3,094
2008-10;"Thermique fossile";4,401
2008-11;"Thermique fossile";6,074
2008-12;"Thermique fossile";7,052
2009-01;"Thermique fossile";7,933
2009-02;"Thermique fossile";6,84
2009-03;"Thermique fossile";6,151
2009-04;"Thermique fossile";2,567
2009-05;"Thermique fossile";1,787
2009-06;"Thermique fossile";2,064
2009-07;"Thermique fossile";2,368
2009-08;"Thermique fossile";2,539
2009-09;"Thermique fossile";3,583
2009-10;"Thermique fossile";4,754
2009-11;"Thermique fossile";6,594
2009-12;"Thermique fossile";7,714
2010-01;"Thermique fossile";8,801
2010-02;"Thermique fossile";6,822
2010-03;"Thermique fossile";7,25
2010-04;"Thermique fossile";3,568
2010-05;"Thermique fossile";2,843
2010-06;"Thermique fossile";2,366
2010-07;"Thermique fossile";2,953
2010-08;"Thermique fossile";1,58
2010-09;"Thermique fossile";2,965
2010-10;"Thermique fossile";4,713
2010-11;"Thermique fossile";7,024
2010-12;"Thermique fossile";8,598
2011-01;"Thermique fossile";6,599
2011-02;"Thermique fossile";6,553
2011-03;"Thermique fossile";6,807
2011-04;"Thermique fossile";2,888
2011-05;"Thermique fossile";3,228
2011-06;"Thermique fossile";1,974
2011-07;"Thermique fossile";1,672
2011-08;"Thermique fossile";1,805
2011-09;"Thermique fossile";2,749
2011-10;"Thermique fossile";4,673
2011-11;"Thermique fossile";7,081
2011-12;"Thermique fossile";5,475
2012-01;"Thermique fossile";5,399
2012-02;"Thermique fossile";8,721
2012-03;"Thermique fossile";5,276
2012-04;"Thermique fossile";3,484
2012-05;"Thermique fossile";1,772
2012-06;"Thermique fossile";2,219
2012-07;"Thermique fossile";2,221
2012-08;"Thermique fossile";2,533
2012-09;"Thermique fossile";2,45
2012-10;"Thermique fossile";3,518
2012-11;"Thermique fossile";5,189
2012-12;"Thermique fossile";5,319
2013-01;"Thermique fossile";6,301
2013-02;"Thermique fossile";6,357
2013-03;"Thermique fossile";6,27
2013-04;"Thermique fossile";2,984
2013-05;"Thermique fossile";1,403
2013-06;"Thermique fossile";1,111
2013-07;"Thermique fossile";1,636
2013-08;"Thermique fossile";2,044
2013-09;"Thermique fossile";2,784
2013-10;"Thermique fossile";3,262
2013-11;"Thermique fossile";4,877
2013-12;"Thermique fossile";4,545
2014-01;"Thermique fossile";3,034377495881
2014-02;"Thermique fossile";2,571053447598
2014-03;"Thermique fossile";2,82931020681
2014-04;"Thermique fossile";1,420786209424
2014-05;"Thermique fossile";0,993296423612
2014-06;"Thermique fossile";0,945804344429
2014-07;"Thermique fossile";0,76374053941
2014-08;"Thermique fossile";0,711161282058
2014-09;"Thermique fossile";1,412252495957
2014-10;"Thermique fossile";2,294415724649
2014-11;"Thermique fossile";3,405277755699
2014-12;"Thermique fossile";4,203839941167
2015-01;"Thermique fossile";4,88932243965
2015-02;"Thermique fossile";5,235029286707
2015-03;"Thermique fossile";3,895527946684
2015-04;"Thermique fossile";1,627213514238
2015-05;"Thermique fossile";0,650425147547
2015-06;"Thermique fossile";0,66767771615
2015-07;"Thermique fossile";1,285539552862
2015-08;"Thermique fossile";0,774122618769
2015-09;"Thermique fossile";1,859727624504
2015-10;"Thermique fossile";3,606608473304
2015-11;"Thermique fossile";4,547764896179
2015-12;"Thermique fossile";4,041350973288
2016-01;"Thermique fossile";4,770023940116
2016-02;"Thermique fossile";3,636538864785
2016-03;"Thermique fossile";4,312145075608
2016-04;"Thermique fossile";2,451547956727
2016-05;"Thermique fossile";1,434288301691
2016-06;"Thermique fossile";1,546393214797
2016-07;"Thermique fossile";1,945846316132
2016-08;"Thermique fossile";2,055930598238
2016-09;"Thermique fossile";4,062493040918
2016-10;"Thermique fossile";4,998732481353
2016-11;"Thermique fossile";6,600789858378
2016-12;"Thermique fossile";7,364639089387
2017-01;"Thermique fossile";8,244805215971
2017-02;"Thermique fossile";6,048033528517
2017-03;"Thermique fossile";5,060499532744
2017-04;"Thermique fossile";3,349094815113
2017-05;"Thermique fossile";2,332885409528
2017-06;"Thermique fossile";2,001220554943
2017-07;"Thermique fossile";3,211099173543
2017-08;"Thermique fossile";1,971216089782
2017-09;"Thermique fossile";2,942636989645
2017-10;"Thermique fossile";5,310475222561
2017-11;"Thermique fossile";7,012895623405
2017-12;"Thermique fossile";6,050781076563
2018-01;"Thermique fossile";3,500031999428
2018-02;"Thermique fossile";6,017252123226
2018-03;"Thermique fossile";4,898336894265
2018-04;"Thermique fossile";1,168501972014
2018-05;"Thermique fossile";0,833190834093
2018-06;"Thermique fossile";1,094244376016
2018-07;"Thermique fossile";2,631009983961
2018-08;"Thermique fossile";2,488372790155
2018-09;"Thermique fossile";2,107616913219
2018-10;"Thermique fossile";3,683700758704
2018-11;"Thermique fossile";5,551612357877
2018-12;"Thermique fossile";4,459660163212
2019-01;"Thermique fossile";6,396932505199
2019-02;"Thermique fossile";4,829192711399
2019-03;"Thermique fossile";3,330685664513
2019-04;"Thermique fossile";2,226554699497
2019-05;"Thermique fossile";1,981540001505
2019-06;"Thermique fossile";1,775774958828
2019-07;"Thermique fossile";2,896627833386
2019-08;"Thermique fossile";2,17638103234
2019-09;"Thermique fossile";2,859586866781
2019-10;"Thermique fossile";3,210604170982
2019-11;"Thermique fossile";5,628336443776
2019-12;"Thermique fossile";4,37250939288
2020-01;"Thermique fossile";5,484830041767
2020-02;"Thermique fossile";3,833912639267
2020-03;"Thermique fossile";3,623243372929
2020-04;"Thermique fossile";0,589894552171
2020-05;"Thermique fossile";1,221025189684
2020-06;"Thermique fossile";2,484407573084
2020-07;"Thermique fossile";2,756111799195
2020-08;"Thermique fossile";2,634520208943
2020-09;"Thermique fossile";2,955039771427
2020-10;"Thermique fossile";2,473419367926
2020-11;"Thermique fossile";4,433034038347
2020-12;"Thermique fossile";4,860953360566
2021-01;"Thermique fossile";5,686564895397
2021-02;"Thermique fossile";4,059612652458
2021-03;"Thermique fossile";4,148784042188
2021-04;"Thermique fossile";3,046683003823
2021-05;"Thermique fossile";1,22359413698
2021-06;"Thermique fossile";1,549534215336
2021-07;"Thermique fossile";1,597575014238
2021-08;"Thermique fossile";0,95452677161
2021-09;"Thermique fossile";2,193976293954
2021-10;"Thermique fossile";2,583212876228
2021-11;"Thermique fossile";5,770744331859
2021-12;"Thermique fossile";5,773199864329
2022-01;"Thermique fossile";6,284906173594
2022-02;"Thermique fossile";4,514952616552
2022-03;"Thermique fossile";5,317811386171
2022-04;"Thermique fossile";3,516900992925
2022-05;"Thermique fossile";2,977114937682
2022-06;"Thermique fossile";2,583181069311
2022-07;"Thermique fossile";3,258372104436
2022-08;"Thermique fossile";3,034801979458
2022-09;"Thermique fossile";3,345545951548
2022-10;"Thermique fossile";3,879509387248
2022-11;"Thermique fossile";4,712669763841
2022-12;"Thermique fossile";5,88464916579
2023-01;"Thermique fossile";4,666840561836
2023-02;"Thermique fossile";5,355368956779
2023-03;"Thermique fossile";3,890252608709
2023-04;"Thermique fossile";2,096476415209
2023-05;"Thermique fossile";1,392011351295
2023-06;"Thermique fossile";1,931112970778
2023-07;"Thermique fossile";2,009840011321
2023-08;"Thermique fossile";1,886724817775
1995-01;"Eolien";0
1995-02;"Eolien";0
1995-03;"Eolien";0
1995-04;"Eolien";0
1995-05;"Eolien";0
1995-06;"Eolien";0
1995-07;"Eolien";0
1995-08;"Eolien";0
1995-09;"Eolien";0
1995-10;"Eolien";0
1995-11;"Eolien";0
1995-12;"Eolien";0
1996-01;"Eolien";0
1996-02;"Eolien";0
1996-03;"Eolien";0
1996-04;"Eolien";0
1996-05;"Eolien";0
1996-06;"Eolien";0
1996-07;"Eolien";0
1996-08;"Eolien";0
1996-09;"Eolien";0
1996-10;"Eolien";0
1996-11;"Eolien";0
1996-12;"Eolien";0
1997-01;"Eolien";0
1997-02;"Eolien";0
1997-03;"Eolien";0
1997-04;"Eolien";0
1997-05;"Eolien";0
1997-06;"Eolien";0
1997-07;"Eolien";0
1997-08;"Eolien";0
1997-09;"Eolien";0
1997-10;"Eolien";0
1997-11;"Eolien";0
1997-12;"Eolien";0
1998-01;"Eolien";0
1998-02;"Eolien";0
1998-03;"Eolien";0
1998-04;"Eolien";0
1998-05;"Eolien";0
1998-06;"Eolien";0
1998-07;"Eolien";0
1998-08;"Eolien";0
1998-09;"Eolien";0
1998-10;"Eolien";0
1998-11;"Eolien";0
1998-12;"Eolien";0
1999-01;"Eolien";0
1999-02;"Eolien";0
1999-03;"Eolien";0
1999-04;"Eolien";0
1999-05;"Eolien";0
1999-06;"Eolien";0
1999-07;"Eolien";0
1999-08;"Eolien";0
1999-09;"Eolien";0
1999-10;"Eolien";0
1999-11;"Eolien";0
1999-12;"Eolien";0
2000-01;"Eolien";0
2000-02;"Eolien";0
2000-03;"Eolien";0
2000-04;"Eolien";0
2000-05;"Eolien";0
2000-06;"Eolien";0
2000-07;"Eolien";0
2000-08;"Eolien";0
2000-09;"Eolien";0
2000-10;"Eolien";0
2000-11;"Eolien";0
2000-12;"Eolien";0
2001-01;"Eolien";0,007
2001-02;"Eolien";0,011
2001-03;"Eolien";0,009
2001-04;"Eolien";0,011
2001-05;"Eolien";0,01
2001-06;"Eolien";0,008
2001-07;"Eolien";0,007
2001-08;"Eolien";0,011
2001-09;"Eolien";0,012
2001-10;"Eolien";0,008
2001-11;"Eolien";0,015
2001-12;"Eolien";0,021
2002-01;"Eolien";0,015
2002-02;"Eolien";0,022
2002-03;"Eolien";0,018
2002-04;"Eolien";0,023
2002-05;"Eolien";0,024
2002-06;"Eolien";0,018
2002-07;"Eolien";0,025
2002-08;"Eolien";0,021
2002-09;"Eolien";0,019
2002-10;"Eolien";0,021
2002-11;"Eolien";0,033
2002-12;"Eolien";0,029
2003-01;"Eolien";0,036
2003-02;"Eolien";0,03
2003-03;"Eolien";0,0273
2003-04;"Eolien";0,0305
2003-05;"Eolien";0,0355
2003-06;"Eolien";0,023
2003-07;"Eolien";0,0335
2003-08;"Eolien";0,0175
2003-09;"Eolien";0,027
2003-10;"Eolien";0,0434
2003-11;"Eolien";0,036
2003-12;"Eolien";0,05
2004-01;"Eolien";0,054
2004-02;"Eolien";0,047
2004-03;"Eolien";0,057
2004-04;"Eolien";0,053
2004-05;"Eolien";0,037
2004-06;"Eolien";0,043
2004-07;"Eolien";0,044
2004-08;"Eolien";0,04
2004-09;"Eolien";0,047
2004-10;"Eolien";0,045
2004-11;"Eolien";0,062
2004-12;"Eolien";0,076
2005-01;"Eolien";0,102
2005-02;"Eolien";0,082
2005-03;"Eolien";0,065
2005-04;"Eolien";0,067
2005-05;"Eolien";0,069
2005-06;"Eolien";0,05
2005-07;"Eolien";0,071
2005-08;"Eolien";0,073
2005-09;"Eolien";0,058
2005-10;"Eolien";0,107
2005-11;"Eolien";0,107
2005-12;"Eolien";0,134
2006-01;"Eolien";0,136
2006-02;"Eolien";0,144
2006-03;"Eolien";0,204
2006-04;"Eolien";0,152
2006-05;"Eolien";0,175
2006-06;"Eolien";0,105
2006-07;"Eolien";0,097
2006-08;"Eolien";0,201
2006-09;"Eolien";0,158
2006-10;"Eolien";0,245
2006-11;"Eolien";0,308
2006-12;"Eolien";0,332
2007-01;"Eolien";0,426
2007-02;"Eolien";0,354
2007-03;"Eolien";0,348
2007-04;"Eolien";0,184
2007-05;"Eolien";0,353
2007-06;"Eolien";0,241
2007-07;"Eolien";0,33
2007-08;"Eolien";0,278
2007-09;"Eolien";0,267
2007-10;"Eolien";0,273
2007-11;"Eolien";0,43
2007-12;"Eolien";0,561
2008-01;"Eolien";0,606
2008-02;"Eolien";0,432
2008-03;"Eolien";0,701
2008-04;"Eolien";0,419
2008-05;"Eolien";0,283
2008-06;"Eolien";0,274
2008-07;"Eolien";0,343
2008-08;"Eolien";0,393
2008-09;"Eolien";0,439
2008-10;"Eolien";0,453
2008-11;"Eolien";0,608
2008-12;"Eolien";0,612
2009-01;"Eolien";0,654
2009-02;"Eolien";0,507
2009-03;"Eolien";0,763
2009-04;"Eolien";0,48
2009-05;"Eolien";0,554
2009-06;"Eolien";0,419
2009-07;"Eolien";0,563
2009-08;"Eolien";0,363
2009-09;"Eolien";0,567
2009-10;"Eolien";0,652
2009-11;"Eolien";1,345
2009-12;"Eolien";0,987
2010-01;"Eolien";0,688
2010-02;"Eolien";0,98
2010-03;"Eolien";1,175
2010-04;"Eolien";0,731
2010-05;"Eolien";0,743
2010-06;"Eolien";0,581
2010-07;"Eolien";0,488
2010-08;"Eolien";0,684
2010-09;"Eolien";0,569
2010-10;"Eolien";1,075
2010-11;"Eolien";1,01
2010-12;"Eolien";1,003
2011-01;"Eolien";1,268
2011-02;"Eolien";0,9
2011-03;"Eolien";1,135
2011-04;"Eolien";0,688
2011-05;"Eolien";0,749
2011-06;"Eolien";0,886
2011-07;"Eolien";0,839
2011-08;"Eolien";0,687
2011-09;"Eolien";0,855
2011-10;"Eolien";1,07
2011-11;"Eolien";0,945
2011-12;"Eolien";2,053
2012-01;"Eolien";1,587
2012-02;"Eolien";1,123
2012-03;"Eolien";0,977
2012-04;"Eolien";1,572
2012-05;"Eolien";0,974
2012-06;"Eolien";0,994
2012-07;"Eolien";0,912
2012-08;"Eolien";0,907
2012-09;"Eolien";0,931
2012-10;"Eolien";1,355
2012-11;"Eolien";1,309
2012-12;"Eolien";2,29
2013-01;"Eolien";1,326
2013-02;"Eolien";1,463
2013-03;"Eolien";1,352
2013-04;"Eolien";1,49
2013-05;"Eolien";1,155
2013-06;"Eolien";1,16
2013-07;"Eolien";0,877
2013-08;"Eolien";0,739
2013-09;"Eolien";0,948
2013-10;"Eolien";1,612
2013-11;"Eolien";1,809
2013-12;"Eolien";2,011
2014-01;"Eolien";2,181930765
2014-02;"Eolien";2,472573395
2014-03;"Eolien";1,282373217
2014-04;"Eolien";1,048399965
2014-05;"Eolien";1,519585523
2014-06;"Eolien";0,955105605
2014-07;"Eolien";0,94654156
2014-08;"Eolien";0,975654709
2014-09;"Eolien";0,723096472
2014-10;"Eolien";1,269911121
2014-11;"Eolien";1,492060319
2014-12;"Eolien";2,106223207
2015-01;"Eolien";2,299499355
2015-02;"Eolien";1,910273513
2015-03;"Eolien";2,005330166
2015-04;"Eolien";1,452411474
2015-05;"Eolien";1,580470869
2015-06;"Eolien";1,254703138
2015-07;"Eolien";1,399122421
2015-08;"Eolien";1,126091025
2015-09;"Eolien";1,674529235
2015-10;"Eolien";1,292109478
2015-11;"Eolien";2,54487977
2015-12;"Eolien";2,572774139
2016-01;"Eolien";2,850363945
2016-02;"Eolien";2,899854449
2016-03;"Eolien";2,453641916
2016-04;"Eolien";1,670149414
2016-05;"Eolien";1,541870077
2016-06;"Eolien";1,071145828
2016-07;"Eolien";1,017766236
2016-08;"Eolien";1,187715009
2016-09;"Eolien";0,990726539
2016-10;"Eolien";1,409801363
2016-11;"Eolien";2,323655174
2016-12;"Eolien";1,529318185
2017-01;"Eolien";2,043715101
2017-02;"Eolien";2,534326608
2017-03;"Eolien";2,647432808
2017-04;"Eolien";1,459997118
2017-05;"Eolien";1,494177475
2017-06;"Eolien";1,46862952
2017-07;"Eolien";1,704786486
2017-08;"Eolien";1,232375436
2017-09;"Eolien";1,638291637
2017-10;"Eolien";2,074851762
2017-11;"Eolien";2,315354452
2017-12;"Eolien";3,365612348
2018-01;"Eolien";3,998781849
2018-02;"Eolien";2,778074742
2018-03;"Eolien";3,125905008
2018-04;"Eolien";2,16085274
2018-05;"Eolien";1,598885337
2018-06;"Eolien";1,370421286
2018-07;"Eolien";1,100474303
2018-08;"Eolien";1,402971754
2018-09;"Eolien";1,612137185
2018-10;"Eolien";2,491467
2018-11;"Eolien";2,801367643
2018-12;"Eolien";3,651540943
2019-01;"Eolien";3,050435167
2019-02;"Eolien";2,625034412
2019-03;"Eolien";4,421031636
2019-04;"Eolien";2,316183979
2019-05;"Eolien";2,204962825
2019-06;"Eolien";1,866695914
2019-07;"Eolien";1,699200598
2019-08;"Eolien";1,632582025
2019-09;"Eolien";2,612926879
2019-10;"Eolien";3,359795887
2019-11;"Eolien";3,338164607
2019-12;"Eolien";4,649236098
2020-01;"Eolien";4,158061068
2020-02;"Eolien";5,885661357
2020-03;"Eolien";4,481241672
2020-04;"Eolien";2,270492802
2020-05;"Eolien";2,649434735
2020-06;"Eolien";2,040510126
2020-07;"Eolien";2,095349202
2020-08;"Eolien";2,036881195
2020-09;"Eolien";2,137330365
2020-10;"Eolien";4,315372562
2020-11;"Eolien";3,162216078
2020-12;"Eolien";4,405182651
2021-01;"Eolien";3,961088161165
2021-02;"Eolien";4,248951622167
2021-03;"Eolien";3,700447397001
2021-04;"Eolien";2,941010713002
2021-05;"Eolien";3,937191684667
2021-06;"Eolien";1,339762352004
2021-07;"Eolien";2,299364423163
2021-08;"Eolien";2,219830074171
2021-09;"Eolien";1,655760610167
2021-10;"Eolien";3,490441355393
2021-11;"Eolien";2,728693994155
2021-12;"Eolien";4,351531314009
2022-01;"Eolien";3,143910931153
2022-02;"Eolien";5,27255177593
2022-03;"Eolien";3,49455748253
2022-04;"Eolien";3,569159290712
2022-05;"Eolien";2,117048178302
2022-06;"Eolien";1,831591157515
2022-07;"Eolien";1,870259849682
2022-08;"Eolien";2,07169665635
2022-09;"Eolien";2,293443784596
2022-10;"Eolien";3,5180702831
2022-11;"Eolien";4,86388962357
2022-12;"Eolien";4,62987355853
2023-01;"Eolien";5,958821900774
2023-02;"Eolien";3,346690252667
2023-03;"Eolien";5,868457800472
2023-04;"Eolien";3,784288747295
2023-05;"Eolien";3,657084934151
2023-06;"Eolien";2,080391020384
2023-07;"Eolien";3,21717869818
2023-08;"Eolien";2,730400438196
1995-01;"Solaire";0
1995-02;"Solaire";0
1995-03;"Solaire";0
1995-04;"Solaire";0
1995-05;"Solaire";0
1995-06;"Solaire";0
1995-07;"Solaire";0
1995-08;"Solaire";0
1995-09;"Solaire";0
1995-10;"Solaire";0
1995-11;"Solaire";0
1995-12;"Solaire";0
1996-01;"Solaire";0
1996-02;"Solaire";0
1996-03;"Solaire";0
1996-04;"Solaire";0
1996-05;"Solaire";0
1996-06;"Solaire";0
1996-07;"Solaire";0
1996-08;"Solaire";0
1996-09;"Solaire";0
1996-10;"Solaire";0
1996-11;"Solaire";0
1996-12;"Solaire";0
1997-01;"Solaire";0
1997-02;"Solaire";0
1997-03;"Solaire";0
1997-04;"Solaire";0
1997-05;"Solaire";0
1997-06;"Solaire";0
1997-07;"Solaire";0
1997-08;"Solaire";0
1997-09;"Solaire";0
1997-10;"Solaire";0
1997-11;"Solaire";0
1997-12;"Solaire";0
1998-01;"Solaire";0
1998-02;"Solaire";0
1998-03;"Solaire";0
1998-04;"Solaire";0
1998-05;"Solaire";0
1998-06;"Solaire";0
1998-07;"Solaire";0
1998-08;"Solaire";0
1998-09;"Solaire";0
1998-10;"Solaire";0
1998-11;"Solaire";0
1998-12;"Solaire";0
1999-01;"Solaire";0
1999-02;"Solaire";0
1999-03;"Solaire";0
1999-04;"Solaire";0
1999-05;"Solaire";0
1999-06;"Solaire";0
1999-07;"Solaire";0
1999-08;"Solaire";0
1999-09;"Solaire";0
1999-10;"Solaire";0
1999-11;"Solaire";0
1999-12;"Solaire";0
2000-01;"Solaire";0
2000-02;"Solaire";0
2000-03;"Solaire";0
2000-04;"Solaire";0
2000-05;"Solaire";0
2000-06;"Solaire";0
2000-07;"Solaire";0
2000-08;"Solaire";0
2000-09;"Solaire";0
2000-10;"Solaire";0
2000-11;"Solaire";0
2000-12;"Solaire";0
2001-01;"Solaire";0
2001-02;"Solaire";0
2001-03;"Solaire";0
2001-04;"Solaire";0
2001-05;"Solaire";0
2001-06;"Solaire";0
2001-07;"Solaire";0
2001-08;"Solaire";0
2001-09;"Solaire";0
2001-10;"Solaire";0
2001-11;"Solaire";0
2001-12;"Solaire";0
2002-01;"Solaire";0
2002-02;"Solaire";0
2002-03;"Solaire";0
2002-04;"Solaire";0
2002-05;"Solaire";0
2002-06;"Solaire";0
2002-07;"Solaire";0
2002-08;"Solaire";0
2002-09;"Solaire";0
2002-10;"Solaire";0
2002-11;"Solaire";0
2002-12;"Solaire";0
2003-01;"Solaire";0
2003-02;"Solaire";0
2003-03;"Solaire";0
2003-04;"Solaire";0
2003-05;"Solaire";0
2003-06;"Solaire";0
2003-07;"Solaire";0
2003-08;"Solaire";0
2003-09;"Solaire";0
2003-10;"Solaire";0
2003-11;"Solaire";0
2003-12;"Solaire";0
2004-01;"Solaire";0
2004-02;"Solaire";0
2004-03;"Solaire";0
2004-04;"Solaire";0
2004-05;"Solaire";0
2004-06;"Solaire";0
2004-07;"Solaire";0
2004-08;"Solaire";0
2004-09;"Solaire";0
2004-10;"Solaire";0
2004-11;"Solaire";0
2004-12;"Solaire";0
2005-01;"Solaire";0
2005-02;"Solaire";0
2005-03;"Solaire";0
2005-04;"Solaire";0
2005-05;"Solaire";0
2005-06;"Solaire";0
2005-07;"Solaire";0
2005-08;"Solaire";0
2005-09;"Solaire";0
2005-10;"Solaire";0
2005-11;"Solaire";0
2005-12;"Solaire";0
2006-01;"Solaire";0,0005
2006-02;"Solaire";0,0005
2006-03;"Solaire";0,0005
2006-04;"Solaire";0,0005
2006-05;"Solaire";0,0005
2006-06;"Solaire";0,0005
2006-07;"Solaire";0,0005
2006-08;"Solaire";0,0005
2006-09;"Solaire";0,0005
2006-10;"Solaire";0,0005
2006-11;"Solaire";0,0005
2006-12;"Solaire";0,0005
2007-01;"Solaire";0,0005
2007-02;"Solaire";0,0005
2007-03;"Solaire";0,0005
2007-04;"Solaire";0,0005
2007-05;"Solaire";0,0005
2007-06;"Solaire";0,0005
2007-07;"Solaire";0,0005
2007-08;"Solaire";0,0005
2007-09;"Solaire";0,0005
2007-10;"Solaire";0,0005
2007-11;"Solaire";0,0005
2007-12;"Solaire";0,0005
2008-01;"Solaire";0,0013
2008-02;"Solaire";0,0015
2008-03;"Solaire";0,0017
2008-04;"Solaire";0,002
2008-05;"Solaire";0,002
2008-06;"Solaire";0,0021
2008-07;"Solaire";0,003
2008-08;"Solaire";0,0027
2008-09;"Solaire";0,0029
2008-10;"Solaire";0,0025
2008-11;"Solaire";0,002
2008-12;"Solaire";0,0019
2009-01;"Solaire";0,005
2009-02;"Solaire";0,007
2009-03;"Solaire";0,012
2009-04;"Solaire";0,012
2009-05;"Solaire";0,016
2009-06;"Solaire";0,018
2009-07;"Solaire";0,021
2009-08;"Solaire";0,021
2009-09;"Solaire";0,018
2009-10;"Solaire";0,015
2009-11;"Solaire";0,009
2009-12;"Solaire";0,007
2010-01;"Solaire";0,01
2010-02;"Solaire";0,016
2010-03;"Solaire";0,031
2010-04;"Solaire";0,045
2010-05;"Solaire";0,054
2010-06;"Solaire";0,055
2010-07;"Solaire";0,069
2010-08;"Solaire";0,074
2010-09;"Solaire";0,074
2010-10;"Solaire";0,058
2010-11;"Solaire";0,032
2010-12;"Solaire";0,03
2011-01;"Solaire";0,048
2011-02;"Solaire";0,066
2011-03;"Solaire";0,126
2011-04;"Solaire";0,19
2011-05;"Solaire";0,225
2011-06;"Solaire";0,214
2011-07;"Solaire";0,249
2011-08;"Solaire";0,271
2011-09;"Solaire";0,251
2011-10;"Solaire";0,208
2011-11;"Solaire";0,12
2011-12;"Solaire";0,099
2012-01;"Solaire";0,125
2012-02;"Solaire";0,216
2012-03;"Solaire";0,356
2012-04;"Solaire";0,329
2012-05;"Solaire";0,454
2012-06;"Solaire";0,483
2012-07;"Solaire";0,544
2012-08;"Solaire";0,536
2012-09;"Solaire";0,413
2012-10;"Solaire";0,283
2012-11;"Solaire";0,182
2012-12;"Solaire";0,149
2013-01;"Solaire";0,146
2013-02;"Solaire";0,23
2013-03;"Solaire";0,344
2013-04;"Solaire";0,434
2013-05;"Solaire";0,503
2013-06;"Solaire";0,563
2013-07;"Solaire";0,658
2013-08;"Solaire";0,602
2013-09;"Solaire";0,463
2013-10;"Solaire";0,32
2013-11;"Solaire";0,183
2013-12;"Solaire";0,216
2014-01;"Solaire";0,176353009
2014-02;"Solaire";0,262653399
2014-03;"Solaire";0,534329056
2014-04;"Solaire";0,584358496
2014-05;"Solaire";0,68160778
2014-06;"Solaire";0,763466078
2014-07;"Solaire";0,686151539
2014-08;"Solaire";0,694398951
2014-09;"Solaire";0,640457427
2014-10;"Solaire";0,479939626
2014-11;"Solaire";0,244431152
2014-12;"Solaire";0,190263887
2015-01;"Solaire";0,251855835
2015-02;"Solaire";0,358930305
2015-03;"Solaire";0,537183236
2015-04;"Solaire";0,782949366
2015-05;"Solaire";0,843757089
2015-06;"Solaire";0,951891934
2015-07;"Solaire";0,943417332
2015-08;"Solaire";0,851805962
2015-09;"Solaire";0,715988378
2015-10;"Solaire";0,512513132
2015-11;"Solaire";0,376705502
2015-12;"Solaire";0,306134129
2016-01;"Solaire";0,276041403
2016-02;"Solaire";0,409761782
2016-03;"Solaire";0,67535456
2016-04;"Solaire";0,795850015
2016-05;"Solaire";0,931695429
2016-06;"Solaire";0,909813823
2016-07;"Solaire";1,068824735
2016-08;"Solaire";1,060671041
2016-09;"Solaire";0,822471326
2016-10;"Solaire";0,726886983
2016-11;"Solaire";0,368786897
2016-12;"Solaire";0,368729961
2017-01;"Solaire";0,362941822
2017-02;"Solaire";0,430247997
2017-03;"Solaire";0,701990877
2017-04;"Solaire";1,042176329
2017-05;"Solaire";1,087886667
2017-06;"Solaire";1,1279303
2017-07;"Solaire";1,079611405
2017-08;"Solaire";1,049986653
2017-09;"Solaire";0,820547325
2017-10;"Solaire";0,713884346
2017-11;"Solaire";0,454424329
2017-12;"Solaire";0,276999601
2018-01;"Solaire";0,27454880333596
2018-02;"Solaire";0,51943436649205
2018-03;"Solaire";0,76600224134734
2018-04;"Solaire";1,0079664089268
2018-05;"Solaire";1,1413631130581
2018-06;"Solaire";1,2857140218689
2018-07;"Solaire";1,4292409092911
2018-08;"Solaire";1,3164334917922
2018-09;"Solaire";1,1624357001671
2018-10;"Solaire";0,78824563338022
2018-11;"Solaire";0,47103286118343
2018-12;"Solaire";0,28308183182302
2019-01;"Solaire";0,41712816477612
2019-02;"Solaire";0,77263743384789
2019-03;"Solaire";1,0998391739427
2019-04;"Solaire";1,1094147663077
2019-05;"Solaire";1,3620638029494
2019-06;"Solaire";1,4453528933106
2019-07;"Solaire";1,5445849622436
2019-08;"Solaire";1,4251378565594
2019-09;"Solaire";1,192008970306
2019-10;"Solaire";0,76259605739038
2019-11;"Solaire";0,44683292482604
2019-12;"Solaire";0,42776991568344
2020-01;"Solaire";0,467551616834
2020-02;"Solaire";0,707553411667
2020-03;"Solaire";1,014502267831
2020-04;"Solaire";1,260516188332
2020-05;"Solaire";1,543109171
2020-06;"Solaire";1,468763700001
2020-07;"Solaire";1,690834250503
2020-08;"Solaire";1,504209272333
2020-09;"Solaire";1,221044863665
2020-10;"Solaire";0,768218621168
2020-11;"Solaire";0,659877402333
2020-12;"Solaire";0,353014417334
2021-01;"Solaire";0,43456266513803
2021-02;"Solaire";0,62959629312028
2021-03;"Solaire";1,2285258134972
2021-04;"Solaire";1,5336167823628
2021-05;"Solaire";1,5720588928935
2021-06;"Solaire";1,639167533638
2021-07;"Solaire";1,676094859676
2021-08;"Solaire";1,7040902828343
2021-09;"Solaire";1,4138879819554
2021-10;"Solaire";1,2019098718187
2021-11;"Solaire";0,66292761381884
2021-12;"Solaire";0,53206634124574
2022-01;"Solaire";0,760099410252
2022-02;"Solaire";0,982135921205
2022-03;"Solaire";1,357705195213
2022-04;"Solaire";1,75100094407
2022-05;"Solaire";2,281757981243
2022-06;"Solaire";2,194183156567
2022-07;"Solaire";2,56321037013
2022-08;"Solaire";2,266205945063
2022-09;"Solaire";1,79072173515
2022-10;"Solaire";1,270251884991
2022-11;"Solaire";0,816344407825
2022-12;"Solaire";0,481734448981
2023-01;"Solaire";0,61481313694
2023-02;"Solaire";1,231734853728
2023-03;"Solaire";1,633561640641
2023-04;"Solaire";2,140223072385
2023-05;"Solaire";2,510944517459
2023-06;"Solaire";2,672260087302
2023-07;"Solaire";2,689900809351
2023-08;"Solaire";2,639712111157
1995-01;"Thermique renouvelable et déchets";0
1995-02;"Thermique renouvelable et déchets";0
1995-03;"Thermique renouvelable et déchets";0
1995-04;"Thermique renouvelable et déchets";0
1995-05;"Thermique renouvelable et déchets";0
1995-06;"Thermique renouvelable et déchets";0
1995-07;"Thermique renouvelable et déchets";0
1995-08;"Thermique renouvelable et déchets";0
1995-09;"Thermique renouvelable et déchets";0
1995-10;"Thermique renouvelable et déchets";0
1995-11;"Thermique renouvelable et déchets";0
1995-12;"Thermique renouvelable et déchets";0
1996-01;"Thermique renouvelable et déchets";0
1996-02;"Thermique renouvelable et déchets";0
1996-03;"Thermique renouvelable et déchets";0
1996-04;"Thermique renouvelable et déchets";0
1996-05;"Thermique renouvelable et déchets";0
1996-06;"Thermique renouvelable et déchets";0
1996-07;"Thermique renouvelable et déchets";0
1996-08;"Thermique renouvelable et déchets";0
1996-09;"Thermique renouvelable et déchets";0
1996-10;"Thermique renouvelable et déchets";0
1996-11;"Thermique renouvelable et déchets";0
1996-12;"Thermique renouvelable et déchets";0
1997-01;"Thermique renouvelable et déchets";0
1997-02;"Thermique renouvelable et déchets";0
1997-03;"Thermique renouvelable et déchets";0
1997-04;"Thermique renouvelable et déchets";0
1997-05;"Thermique renouvelable et déchets";0
1997-06;"Thermique renouvelable et déchets";0
1997-07;"Thermique renouvelable et déchets";0
1997-08;"Thermique renouvelable et déchets";0
1997-09;"Thermique renouvelable et déchets";0
1997-10;"Thermique renouvelable et déchets";0
1997-11;"Thermique renouvelable et déchets";0
1997-12;"Thermique renouvelable et déchets";0
1998-01;"Thermique renouvelable et déchets";0
1998-02;"Thermique renouvelable et déchets";0
1998-03;"Thermique renouvelable et déchets";0
1998-04;"Thermique renouvelable et déchets";0
1998-05;"Thermique renouvelable et déchets";0
1998-06;"Thermique renouvelable et déchets";0
1998-07;"Thermique renouvelable et déchets";0
1998-08;"Thermique renouvelable et déchets";0
1998-09;"Thermique renouvelable et déchets";0
1998-10;"Thermique renouvelable et déchets";0
1998-11;"Thermique renouvelable et déchets";0
1998-12;"Thermique renouvelable et déchets";0
1999-01;"Thermique renouvelable et déchets";0
1999-02;"Thermique renouvelable et déchets";0
1999-03;"Thermique renouvelable et déchets";0
1999-04;"Thermique renouvelable et déchets";0
1999-05;"Thermique renouvelable et déchets";0
1999-06;"Thermique renouvelable et déchets";0
1999-07;"Thermique renouvelable et déchets";0
1999-08;"Thermique renouvelable et déchets";0
1999-09;"Thermique renouvelable et déchets";0
1999-10;"Thermique renouvelable et déchets";0
1999-11;"Thermique renouvelable et déchets";0
1999-12;"Thermique renouvelable et déchets";0
2000-01;"Thermique renouvelable et déchets";0
2000-02;"Thermique renouvelable et déchets";0
2000-03;"Thermique renouvelable et déchets";0
2000-04;"Thermique renouvelable et déchets";0
2000-05;"Thermique renouvelable et déchets";0
2000-06;"Thermique renouvelable et déchets";0
2000-07;"Thermique renouvelable et déchets";0
2000-08;"Thermique renouvelable et déchets";0
2000-09;"Thermique renouvelable et déchets";0
2000-10;"Thermique renouvelable et déchets";0
2000-11;"Thermique renouvelable et déchets";0
2000-12;"Thermique renouvelable et déchets";0
2001-01;"Thermique renouvelable et déchets";0,1845
2001-02;"Thermique renouvelable et déchets";0,1845
2001-03;"Thermique renouvelable et déchets";0,1845
2001-04;"Thermique renouvelable et déchets";0,1845
2001-05;"Thermique renouvelable et déchets";0,1845
2001-06;"Thermique renouvelable et déchets";0,1845
2001-07;"Thermique renouvelable et déchets";0,1845
2001-08;"Thermique renouvelable et déchets";0,1845
2001-09;"Thermique renouvelable et déchets";0,1845
2001-10;"Thermique renouvelable et déchets";0,1845
2001-11;"Thermique renouvelable et déchets";0,1845
2001-12;"Thermique renouvelable et déchets";0,1845
2002-01;"Thermique renouvelable et déchets";0,2268
2002-02;"Thermique renouvelable et déchets";0,2268
2002-03;"Thermique renouvelable et déchets";0,2268
2002-04;"Thermique renouvelable et déchets";0,2268
2002-05;"Thermique renouvelable et déchets";0,2268
2002-06;"Thermique renouvelable et déchets";0,2268
2002-07;"Thermique renouvelable et déchets";0,2268
2002-08;"Thermique renouvelable et déchets";0,2268
2002-09;"Thermique renouvelable et déchets";0,2268
2002-10;"Thermique renouvelable et déchets";0,2268
2002-11;"Thermique renouvelable et déchets";0,2268
2002-12;"Thermique renouvelable et déchets";0,2268
2003-01;"Thermique renouvelable et déchets";0,2272
2003-02;"Thermique renouvelable et déchets";0,2272
2003-03;"Thermique renouvelable et déchets";0,2272
2003-04;"Thermique renouvelable et déchets";0,2272
2003-05;"Thermique renouvelable et déchets";0,2272
2003-06;"Thermique renouvelable et déchets";0,2272
2003-07;"Thermique renouvelable et déchets";0,2272
2003-08;"Thermique renouvelable et déchets";0,2272
2003-09;"Thermique renouvelable et déchets";0,2272
2003-10;"Thermique renouvelable et déchets";0,2272
2003-11;"Thermique renouvelable et déchets";0,2272
2003-12;"Thermique renouvelable et déchets";0,2272
2004-01;"Thermique renouvelable et déchets";0,2724
2004-02;"Thermique renouvelable et déchets";0,2724
2004-03;"Thermique renouvelable et déchets";0,2724
2004-04;"Thermique renouvelable et déchets";0,2724
2004-05;"Thermique renouvelable et déchets";0,2724
2004-06;"Thermique renouvelable et déchets";0,2724
2004-07;"Thermique renouvelable et déchets";0,2724
2004-08;"Thermique renouvelable et déchets";0,2724
2004-09;"Thermique renouvelable et déchets";0,2724
2004-10;"Thermique renouvelable et déchets";0,2724
2004-11;"Thermique renouvelable et déchets";0,2724
2004-12;"Thermique renouvelable et déchets";0,2724
2005-01;"Thermique renouvelable et déchets";0,2781
2005-02;"Thermique renouvelable et déchets";0,2781
2005-03;"Thermique renouvelable et déchets";0,2781
2005-04;"Thermique renouvelable et déchets";0,2781
2005-05;"Thermique renouvelable et déchets";0,2781
2005-06;"Thermique renouvelable et déchets";0,2781
2005-07;"Thermique renouvelable et déchets";0,2781
2005-08;"Thermique renouvelable et déchets";0,2781
2005-09;"Thermique renouvelable et déchets";0,2781
2005-10;"Thermique renouvelable et déchets";0,2781
2005-11;"Thermique renouvelable et déchets";0,2781
2005-12;"Thermique renouvelable et déchets";0,2781
2006-01;"Thermique renouvelable et déchets";0,2783
2006-02;"Thermique renouvelable et déchets";0,2783
2006-03;"Thermique renouvelable et déchets";0,2783
2006-04;"Thermique renouvelable et déchets";0,2783
2006-05;"Thermique renouvelable et déchets";0,2783
2006-06;"Thermique renouvelable et déchets";0,2783
2006-07;"Thermique renouvelable et déchets";0,2783
2006-08;"Thermique renouvelable et déchets";0,2783
2006-09;"Thermique renouvelable et déchets";0,2783
2006-10;"Thermique renouvelable et déchets";0,2783
2006-11;"Thermique renouvelable et déchets";0,2783
2006-12;"Thermique renouvelable et déchets";0,2783
2007-01;"Thermique renouvelable et déchets";0,3153
2007-02;"Thermique renouvelable et déchets";0,3153
2007-03;"Thermique renouvelable et déchets";0,3153
2007-04;"Thermique renouvelable et déchets";0,3153
2007-05;"Thermique renouvelable et déchets";0,3153
2007-06;"Thermique renouvelable et déchets";0,3153
2007-07;"Thermique renouvelable et déchets";0,3153
2007-08;"Thermique renouvelable et déchets";0,3153
2007-09;"Thermique renouvelable et déchets";0,3153
2007-10;"Thermique renouvelable et déchets";0,3153
2007-11;"Thermique renouvelable et déchets";0,3153
2007-12;"Thermique renouvelable et déchets";0,3153
2008-01;"Thermique renouvelable et déchets";0,3434
2008-02;"Thermique renouvelable et déchets";0,3434
2008-03;"Thermique renouvelable et déchets";0,3434
2008-04;"Thermique renouvelable et déchets";0,3434
2008-05;"Thermique renouvelable et déchets";0,3434
2008-06;"Thermique renouvelable et déchets";0,3434
2008-07;"Thermique renouvelable et déchets";0,3434
2008-08;"Thermique renouvelable et déchets";0,3434
2008-09;"Thermique renouvelable et déchets";0,3434
2008-10;"Thermique renouvelable et déchets";0,3434
2008-11;"Thermique renouvelable et déchets";0,3434
2008-12;"Thermique renouvelable et déchets";0,3434
2009-01;"Thermique renouvelable et déchets";0,3618
2009-02;"Thermique renouvelable et déchets";0,3618
2009-03;"Thermique renouvelable et déchets";0,3618
2009-04;"Thermique renouvelable et déchets";0,3618
2009-05;"Thermique renouvelable et déchets";0,3618
2009-06;"Thermique renouvelable et déchets";0,3618
2009-07;"Thermique renouvelable et déchets";0,3618
2009-08;"Thermique renouvelable et déchets";0,3618
2009-09;"Thermique renouvelable et déchets";0,3618
2009-10;"Thermique renouvelable et déchets";0,3618
2009-11;"Thermique renouvelable et déchets";0,3618
2009-12;"Thermique renouvelable et déchets";0,3618
2010-01;"Thermique renouvelable et déchets";0,423
2010-02;"Thermique renouvelable et déchets";0,386
2010-03;"Thermique renouvelable et déchets";0,428
2010-04;"Thermique renouvelable et déchets";0,37
2010-05;"Thermique renouvelable et déchets";0,408
2010-06;"Thermique renouvelable et déchets";0,378
2010-07;"Thermique renouvelable et déchets";0,4
2010-08;"Thermique renouvelable et déchets";0,421
2010-09;"Thermique renouvelable et déchets";0,359
2010-10;"Thermique renouvelable et déchets";0,361
2010-11;"Thermique renouvelable et déchets";0,456
2010-12;"Thermique renouvelable et déchets";0,462
2011-01;"Thermique renouvelable et déchets";0,477
2011-02;"Thermique renouvelable et déchets";0,433
2011-03;"Thermique renouvelable et déchets";0,51
2011-04;"Thermique renouvelable et déchets";0,414
2011-05;"Thermique renouvelable et déchets";0,426
2011-06;"Thermique renouvelable et déchets";0,42
2011-07;"Thermique renouvelable et déchets";0,484
2011-08;"Thermique renouvelable et déchets";0,48
2011-09;"Thermique renouvelable et déchets";0,418
2011-10;"Thermique renouvelable et déchets";0,404
2011-11;"Thermique renouvelable et déchets";0,488
2011-12;"Thermique renouvelable et déchets";0,509
2012-01;"Thermique renouvelable et déchets";0,514
2012-02;"Thermique renouvelable et déchets";0,454
2012-03;"Thermique renouvelable et déchets";0,531
2012-04;"Thermique renouvelable et déchets";0,405
2012-05;"Thermique renouvelable et déchets";0,469
2012-06;"Thermique renouvelable et déchets";0,437
2012-07;"Thermique renouvelable et déchets";0,513
2012-08;"Thermique renouvelable et déchets";0,486
2012-09;"Thermique renouvelable et déchets";0,47
2012-10;"Thermique renouvelable et déchets";0,45
2012-11;"Thermique renouvelable et déchets";0,514
2012-12;"Thermique renouvelable et déchets";0,525
2013-01;"Thermique renouvelable et déchets";0,654
2013-02;"Thermique renouvelable et déchets";0,595
2013-03;"Thermique renouvelable et déchets";0,642
2013-04;"Thermique renouvelable et déchets";0,469
2013-05;"Thermique renouvelable et déchets";0,537
2013-06;"Thermique renouvelable et déchets";0,508
2013-07;"Thermique renouvelable et déchets";0,577
2013-08;"Thermique renouvelable et déchets";0,584
2013-09;"Thermique renouvelable et déchets";0,525
2013-10;"Thermique renouvelable et déchets";0,607
2013-11;"Thermique renouvelable et déchets";0,663
2013-12;"Thermique renouvelable et déchets";0,68
2014-01;"Thermique renouvelable et déchets";0,62470248776
2014-02;"Thermique renouvelable et déchets";0,573121150394
2014-03;"Thermique renouvelable et déchets";0,619024034595
2014-04;"Thermique renouvelable et déchets";0,533254633217
2014-05;"Thermique renouvelable et déchets";0,608693195075
2014-06;"Thermique renouvelable et déchets";0,532428808289
2014-07;"Thermique renouvelable et déchets";0,597988503244
2014-08;"Thermique renouvelable et déchets";0,589990385109
2014-09;"Thermique renouvelable et déchets";0,54801902572
2014-10;"Thermique renouvelable et déchets";0,563307549613
2014-11;"Thermique renouvelable et déchets";0,647230416643
2014-12;"Thermique renouvelable et déchets";0,671310258376
2015-01;"Thermique renouvelable et déchets";0,681248882741
2015-02;"Thermique renouvelable et déchets";0,625527258029
2015-03;"Thermique renouvelable et déchets";0,684770187209
2015-04;"Thermique renouvelable et déchets";0,576576655832
2015-05;"Thermique renouvelable et déchets";0,628388930673
2015-06;"Thermique renouvelable et déchets";0,588863310828
2015-07;"Thermique renouvelable et déchets";0,64352971839
2015-08;"Thermique renouvelable et déchets";0,656850425697
2015-09;"Thermique renouvelable et déchets";0,631223152652
2015-10;"Thermique renouvelable et déchets";0,617640014185
2015-11;"Thermique renouvelable et déchets";0,709327042105
2015-12;"Thermique renouvelable et déchets";0,742289798628
2016-01;"Thermique renouvelable et déchets";0,758650388339
2016-02;"Thermique renouvelable et déchets";0,70614193051
2016-03;"Thermique renouvelable et déchets";0,756239138005
2016-04;"Thermique renouvelable et déchets";0,680279378401
2016-05;"Thermique renouvelable et déchets";0,709228872526
2016-06;"Thermique renouvelable et déchets";0,64606381937
2016-07;"Thermique renouvelable et déchets";0,744137217168
2016-08;"Thermique renouvelable et déchets";0,721140773471
2016-09;"Thermique renouvelable et déchets";0,676375692338
2016-10;"Thermique renouvelable et déchets";0,669032827501
2016-11;"Thermique renouvelable et déchets";0,769426413912
2016-12;"Thermique renouvelable et déchets";0,80384517514
2017-01;"Thermique renouvelable et déchets";0,811097487534
2017-02;"Thermique renouvelable et déchets";0,720034625213
2017-03;"Thermique renouvelable et déchets";0,775923466528
2017-04;"Thermique renouvelable et déchets";0,728119366262
2017-05;"Thermique renouvelable et déchets";0,73578900897
2017-06;"Thermique renouvelable et déchets";0,751845510517
2017-07;"Thermique renouvelable et déchets";0,814755078275
2017-08;"Thermique renouvelable et déchets";0,782920786109
2017-09;"Thermique renouvelable et déchets";0,762142295582
2017-10;"Thermique renouvelable et déchets";0,759278088197
2017-11;"Thermique renouvelable et déchets";0,851864742896
2017-12;"Thermique renouvelable et déchets";0,830558563334
2018-01;"Thermique renouvelable et déchets";0,785421968676
2018-02;"Thermique renouvelable et déchets";0,760034977669
2018-03;"Thermique renouvelable et déchets";0,789498431756
2018-04;"Thermique renouvelable et déchets";0,792229676175
2018-05;"Thermique renouvelable et déchets";0,81394350724
2018-06;"Thermique renouvelable et déchets";0,728608114149
2018-07;"Thermique renouvelable et déchets";0,817148619188
2018-08;"Thermique renouvelable et déchets";0,807386442496
2018-09;"Thermique renouvelable et déchets";0,801235639723
2018-10;"Thermique renouvelable et déchets";0,767413681777
2018-11;"Thermique renouvelable et déchets";0,785053427479
2018-12;"Thermique renouvelable et déchets";0,832775414663
2019-01;"Thermique renouvelable et déchets";0,826128890534
2019-02;"Thermique renouvelable et déchets";0,75797891029
2019-03;"Thermique renouvelable et déchets";0,842881565073
2019-04;"Thermique renouvelable et déchets";0,747049770562
2019-05;"Thermique renouvelable et déchets";0,814589201241
2019-06;"Thermique renouvelable et déchets";0,718302795493
2019-07;"Thermique renouvelable et déchets";0,771851169406
2019-08;"Thermique renouvelable et déchets";0,86836446274
2019-09;"Thermique renouvelable et déchets";0,761883277792
2019-10;"Thermique renouvelable et déchets";0,754992010214
2019-11;"Thermique renouvelable et déchets";0,793164612379
2019-12;"Thermique renouvelable et déchets";0,827177133765
2020-01;"Thermique renouvelable et déchets";0,830430510929
2020-02;"Thermique renouvelable et déchets";0,782522176859
2020-03;"Thermique renouvelable et déchets";0,850400939439
2020-04;"Thermique renouvelable et déchets";0,815162803326
2020-05;"Thermique renouvelable et déchets";0,832140097164
2020-06;"Thermique renouvelable et déchets";0,795378381301
2020-07;"Thermique renouvelable et déchets";0,831141429858
2020-08;"Thermique renouvelable et déchets";0,805959221461
2020-09;"Thermique renouvelable et déchets";0,754964717603
2020-10;"Thermique renouvelable et déchets";0,742986919185
2020-11;"Thermique renouvelable et déchets";0,771044856349
2020-12;"Thermique renouvelable et déchets";0,815864120472
2021-01;"Thermique renouvelable et déchets";0,839268609859
2021-02;"Thermique renouvelable et déchets";0,767899303797
2021-03;"Thermique renouvelable et déchets";0,850965679781
2021-04;"Thermique renouvelable et déchets";0,791456069898
2021-05;"Thermique renouvelable et déchets";0,84027181123
2021-06;"Thermique renouvelable et déchets";0,781389064498
2021-07;"Thermique renouvelable et déchets";0,904749288788
2021-08;"Thermique renouvelable et déchets";0,862095928037
2021-09;"Thermique renouvelable et déchets";0,81431216855
2021-10;"Thermique renouvelable et déchets";0,833219344861
2021-11;"Thermique renouvelable et déchets";0,836372841383
2021-12;"Thermique renouvelable et déchets";0,85734557984
2022-01;"Thermique renouvelable et déchets";0,878507492469
2022-02;"Thermique renouvelable et déchets";0,857571616117
2022-03;"Thermique renouvelable et déchets";0,931638016693
2022-04;"Thermique renouvelable et déchets";0,86117094016
2022-05;"Thermique renouvelable et déchets";0,966668471266
2022-06;"Thermique renouvelable et déchets";0,844326109476
2022-07;"Thermique renouvelable et déchets";0,888550867533
2022-08;"Thermique renouvelable et déchets";0,863959299403
2022-09;"Thermique renouvelable et déchets";0,883125217854
2022-10;"Thermique renouvelable et déchets";0,83289978262
2022-11;"Thermique renouvelable et déchets";0,855994762176
2022-12;"Thermique renouvelable et déchets";0,906709963966
2023-01;"Thermique renouvelable et déchets";0,876711243795
2023-02;"Thermique renouvelable et déchets";0,807532254468
2023-03;"Thermique renouvelable et déchets";0,870558751858
2023-04;"Thermique renouvelable et déchets";0,85004916173
2023-05;"Thermique renouvelable et déchets";0,92139445047
2023-06;"Thermique renouvelable et déchets";0,819583548716
2023-07;"Thermique renouvelable et déchets";0,909211761072
2023-08;"Thermique renouvelable et déchets";0,87351004407
1995-01;"Production totale";48,32
1995-02;"Production totale";39,49
1995-03;"Production totale";44,41
1995-04;"Production totale";38,4
1995-05;"Production totale";36,53
1995-06;"Production totale";35,27
1995-07;"Production totale";35,98
1995-08;"Production totale";34,21
1995-09;"Production totale";35,45
1995-10;"Production totale";37,35
1995-11;"Production totale";41,81
1995-12;"Production totale";44,15
1996-01;"Production totale";47,75
1996-02;"Production totale";45,87
1996-03;"Production totale";44,59
1996-04;"Production totale";39,58
1996-05;"Production totale";37,73
1996-06;"Production totale";35,21
1996-07;"Production totale";36,66
1996-08;"Production totale";33,79
1996-09;"Production totale";36,25
1996-10;"Production totale";40,84
1996-11;"Production totale";43,56
1996-12;"Production totale";47,99
1997-01;"Production totale";49,59
1997-02;"Production totale";41,36
1997-03;"Production totale";40,28
1997-04;"Production totale";39,84
1997-05;"Production totale";36,94
1997-06;"Production totale";35,61
1997-07;"Production totale";36,83
1997-08;"Production totale";34,63
1997-09;"Production totale";35,96
1997-10;"Production totale";41,12
1997-11;"Production totale";42,49
1997-12;"Production totale";46,31
1998-01;"Production totale";48,66
1998-02;"Production totale";43,12
1998-03;"Production totale";44,82
1998-04;"Production totale";41,53
1998-05;"Production totale";37,81
1998-06;"Production totale";36,43
1998-07;"Production totale";35,98
1998-08;"Production totale";30,74
1998-09;"Production totale";34,6
1998-10;"Production totale";41
1998-11;"Production totale";44,66
1998-12;"Production totale";47,62
1999-01;"Production totale";47,46
1999-02;"Production totale";44,55
1999-03;"Production totale";44,47
1999-04;"Production totale";41,45
1999-05;"Production totale";37,24
1999-06;"Production totale";36,53
1999-07;"Production totale";38,26
1999-08;"Production totale";35,63
1999-09;"Production totale";37,72
1999-10;"Production totale";41,99
1999-11;"Production totale";45,65
1999-12;"Production totale";49,35
2000-01;"Production totale";50,13
2000-02;"Production totale";45,88
2000-03;"Production totale";46,86
2000-04;"Production totale";42,8
2000-05;"Production totale";39,85
2000-06;"Production totale";38,05
2000-07;"Production totale";38,75
2000-08;"Production totale";37,1
2000-09;"Production totale";38,41
2000-10;"Production totale";42,83
2000-11;"Production totale";47,28
2000-12;"Production totale";48,75
2001-01;"Production totale";51,48
2001-02;"Production totale";44,68
2001-03;"Production totale";46,63
2001-04;"Production totale";42,85
2001-05;"Production totale";39,84
2001-06;"Production totale";37,95
2001-07;"Production totale";39,59
2001-08;"Production totale";37,06
2001-09;"Production totale";39,31
2001-10;"Production totale";43,55
2001-11;"Production totale";48,88
2001-12;"Production totale";52,22
2002-01;"Production totale";52,86
2002-02;"Production totale";45,42
2002-03;"Production totale";47,49
2002-04;"Production totale";43,9
2002-05;"Production totale";42,51
2002-06;"Production totale";39,84
2002-07;"Production totale";40,37
2002-08;"Production totale";37,06
2002-09;"Production totale";40,02
2002-10;"Production totale";44,82
2002-11;"Production totale";48,3
2002-12;"Production totale";52,94
2003-01;"Production totale";56,25
2003-02;"Production totale";50,85
2003-03;"Production totale";48,35
2003-04;"Production totale";43,62
2003-05;"Production totale";40,89
2003-06;"Production totale";39,11
2003-07;"Production totale";40,29
2003-08;"Production totale";36,84
2003-09;"Production totale";38,49
2003-10;"Production totale";44,99
2003-11;"Production totale";48,62
2003-12;"Production totale";53,81
2004-01;"Production totale";55,46
2004-02;"Production totale";49,03
2004-03;"Production totale";50,1
2004-04;"Production totale";43,9
2004-05;"Production totale";41,78
2004-06;"Production totale";39,81
2004-07;"Production totale";40
2004-08;"Production totale";37,67
2004-09;"Production totale";40,23
2004-10;"Production totale";45,42
2004-11;"Production totale";49,94
2004-12;"Production totale";55,38
2005-01;"Production totale";54,63
2005-02;"Production totale";49,67
2005-03;"Production totale";49,78
2005-04;"Production totale";43,71
2005-05;"Production totale";42,6
2005-06;"Production totale";41,04
2005-07;"Production totale";39,88
2005-08;"Production totale";39,12
2005-09;"Production totale";40,73
2005-10;"Production totale";43,56
2005-11;"Production totale";49,91
2005-12;"Production totale";55,5
2006-01;"Production totale";55,97
2006-02;"Production totale";48,18
2006-03;"Production totale";50,15
2006-04;"Production totale";45,27
2006-05;"Production totale";42,64
2006-06;"Production totale";40,49
2006-07;"Production totale";40,48
2006-08;"Production totale";39,02
2006-09;"Production totale";41,29
2006-10;"Production totale";44,3
2006-11;"Production totale";48,25
2006-12;"Production totale";53,06
2007-01;"Production totale";53,5
2007-02;"Production totale";48,24
2007-03;"Production totale";50,5
2007-04;"Production totale";41,14
2007-05;"Production totale";41,35
2007-06;"Production totale";41,12
2007-07;"Production totale";41,2
2007-08;"Production totale";40,37
2007-09;"Production totale";40,79
2007-10;"Production totale";45,62
2007-11;"Production totale";47,47
2007-12;"Production totale";53,49
2008-01;"Production totale";54,92
2008-02;"Production totale";50,25
2008-03;"Production totale";50,19
2008-04;"Production totale";45,95
2008-05;"Production totale";41,72
2008-06;"Production totale";40,33
2008-07;"Production totale";41,03
2008-08;"Production totale";38,74
2008-09;"Production totale";39,95
2008-10;"Production totale";42,9
2008-11;"Production totale";48,24
2008-12;"Production totale";54,95
2009-01;"Production totale";58,13
2009-02;"Production totale";50,56
2009-03;"Production totale";49,43
2009-04;"Production totale";40,88
2009-05;"Production totale";39,66
2009-06;"Production totale";36,3
2009-07;"Production totale";37,09
2009-08;"Production totale";35,38
2009-09;"Production totale";36,19
2009-10;"Production totale";39,78
2009-11;"Production totale";43,56
2009-12;"Production totale";52,19
2010-01;"Production totale";56,54
2010-02;"Production totale";50,41
2010-03;"Production totale";51,07
2010-04;"Production totale";41,69
2010-05;"Production totale";39,85
2010-06;"Production totale";40,22
2010-07;"Production totale";41,06
2010-08;"Production totale";39,5
2010-09;"Production totale";39,22
2010-10;"Production totale";42,12
2010-11;"Production totale";49,44
2010-12;"Production totale";58,97
2011-01;"Production totale";58,23
2011-02;"Production totale";50,39
2011-03;"Production totale";50,7
2011-04;"Production totale";41,03
2011-05;"Production totale";41,07
2011-06;"Production totale";40,35
2011-07;"Production totale";40,91
2011-08;"Production totale";38,5
2011-09;"Production totale";38,97
2011-10;"Production totale";42,44
2011-11;"Production totale";46,28
2011-12;"Production totale";53,65
2012-01;"Production totale";57,18
2012-02;"Production totale";54,42
2012-03;"Production totale";48,58
2012-04;"Production totale";44,19
2012-05;"Production totale";40,43
2012-06;"Production totale";37,52
2012-07;"Production totale";37,91
2012-08;"Production totale";36,34
2012-09;"Production totale";38,04
2012-10;"Production totale";42,99
2012-11;"Production totale";49,23
2012-12;"Production totale";54,72
2013-01;"Production totale";57,74
2013-02;"Production totale";52,26
2013-03;"Production totale";51,88
2013-04;"Production totale";44,12
2013-05;"Production totale";43,38
2013-06;"Production totale";39,34
2013-07;"Production totale";40,85
2013-08;"Production totale";38,43
2013-09;"Production totale";38,61
2013-10;"Production totale";41,76
2013-11;"Production totale";48,53
2013-12;"Production totale";53,56
2014-01;"Production totale";55,75
2014-02;"Production totale";49,34
2014-03;"Production totale";48,04
2014-04;"Production totale";40,58
2014-05;"Production totale";41,65
2014-06;"Production totale";39,15
2014-07;"Production totale";42,52
2014-08;"Production totale";39,23
2014-09;"Production totale";39
2014-10;"Production totale";41,16
2014-11;"Production totale";46,93
2014-12;"Production totale";54,53
2015-01;"Production totale";58,12
2015-02;"Production totale";51,99
2015-03;"Production totale";50,52
2015-04;"Production totale";41,35
2015-05;"Production totale";40,48
2015-06;"Production totale";39,77
2015-07;"Production totale";41,55
2015-08;"Production totale";38,81
2015-09;"Production totale";38,93
2015-10;"Production totale";44,39
2015-11;"Production totale";47,41
2015-12;"Production totale";51,61
2016-01;"Production totale";55,92
2016-02;"Production totale";51,91
2016-03;"Production totale";51,97
2016-04;"Production totale";43,11
2016-05;"Production totale";40,59
2016-06;"Production totale";39,97
2016-07;"Production totale";38,39
2016-08;"Production totale";35,99
2016-09;"Production totale";36,4
2016-10;"Production totale";39,88
2016-11;"Production totale";45,45
2016-12;"Production totale";51,18
2017-01;"Production totale";57,15
2017-02;"Production totale";47,96
2017-03;"Production totale";49,69
2017-04;"Production totale";42,47
2017-05;"Production totale";41,47
2017-06;"Production totale";37,28
2017-07;"Production totale";38,83
2017-08;"Production totale";37,1
2017-09;"Production totale";38,58
2017-10;"Production totale";39,63
2017-11;"Production totale";44,89
2017-12;"Production totale";53,21
2018-01;"Production totale";56,64
2018-02;"Production totale";53,64
2018-03;"Production totale";52,35
2018-04;"Production totale";42,65
2018-05;"Production totale";42,64
2018-06;"Production totale";40,64
2018-07;"Production totale";41,19
2018-08;"Production totale";37,19
2018-09;"Production totale";38,8
2018-10;"Production totale";42,26
2018-11;"Production totale";46,23
2018-12;"Production totale";53,28
2019-01;"Production totale";55,82
2019-02;"Production totale";50,11
2019-03;"Production totale";50,34
2019-04;"Production totale";42,64
2019-05;"Production totale";43,56
2019-06;"Production totale";40,1
2019-07;"Production totale";40,48
2019-08;"Production totale";37,56
2019-09;"Production totale";37,52
2019-10;"Production totale";41,02
2019-11;"Production totale";45,79
2019-12;"Production totale";51,09
2020-01;"Production totale";54,6
2020-02;"Production totale";50,67
2020-03;"Production totale";47,92
2020-04;"Production totale";36,82
2020-05;"Production totale";37,62
2020-06;"Production totale";34,47
2020-07;"Production totale";34,46
2020-08;"Production totale";33,53
2020-09;"Production totale";32,16
2020-10;"Production totale";41,71
2020-11;"Production totale";45,1
2020-12;"Production totale";50,62
2021-01;"Production totale";55,38
2021-02;"Production totale";46,9
2021-03;"Production totale";47,52
2021-04;"Production totale";39,5
2021-05;"Production totale";41,37
2021-06;"Production totale";39,21
2021-07;"Production totale";40,5
2021-08;"Production totale";39,14
2021-09;"Production totale";38,48
2021-10;"Production totale";41,77
2021-11;"Production totale";44,35
2021-12;"Production totale";48,32
2022-01;"Production totale";52,17
2022-02;"Production totale";45,59
2022-03;"Production totale";42,52
2022-04;"Production totale";36,53
2022-05;"Production totale";33,9
2022-06;"Production totale";31,64
2022-07;"Production totale";30,83
2022-08;"Production totale";29,06
2022-09;"Production totale";28,95
2022-10;"Production totale";32,77
2022-11;"Production totale";36,75
2022-12;"Production totale";45,01
2023-01;"Production totale";49,27
2023-02;"Production totale";43,13
2023-03;"Production totale";42,54
2023-04;"Production totale";38,45
2023-05;"Production totale";39,06
2023-06;"Production totale";36,01
2023-07;"Production totale";36,89
2023-08;"Production totale";35,67
